id,palabra,valencia_m,valencia_sd,activacion_m,activacion_sd,concrecion_m,concrecion_sd,alegria_m,alegria_sd,ira_m,ira_sd,tristeza_m,tristeza_sd,miedo_m,miedo_sd,asco_m,asco_sd,word,categoria_palabra
1,"abandono",1.47,0.82,6.47,1.91,4.83,1.76,1.03,0.18,3.30,1.42,4.43,0.94,3.33,1.40,2.63,1.38,"abandonment",1
2,"abatir",3.03,1.52,5.40,2.34,3.68,1.54,1.24,0.69,2.66,1.23,3.17,1.28,2.86,1.22,1.31,0.66,"to knock down",1
3,"abierto",5.60,1.52,4.83,2.23,4.47,1.75,2.80,1.27,1.27,0.83,1.10,0.31,1.57,1.17,1.03,0.18,"open",3
4,"abismo",2.77,1.14,6.27,1.86,4.47,1.86,1.30,0.84,1.53,1.01,2.47,1.43,4.13,0.97,1.13,0.43,"abyss",1
5,"abrazar",8.67,0.55,5.83,2.44,6.08,1.11,4.73,0.45,1.00,0.00,2.00,1.46,1.63,0.93,1.00,0.00,"to hug",1
6,"abrazo",8.14,1.48,5.83,2.84,5.86,1.58,4.80,0.41,1.10,0.31,2.23,1.41,1.77,1.14,1.13,0.43,"hug",1
7,"abroncar",2.43,1.21,7.05,1.72,4.71,1.46,1.05,0.22,3.71,0.96,2.71,1.10,2.95,1.12,1.67,0.97,"to get angry",2
8,"abuso",1.47,0.97,6.40,2.14,4.35,1.61,1.17,0.75,4.37,1.00,4.20,0.85,4.07,0.91,4.03,1.22,"abuse",1
9,"acariciar",8.20,0.85,6.13,2.74,5.78,1.13,4.47,0.82,1.10,0.31,1.43,0.57,1.27,0.64,1.13,0.35,"to caress",1
10,"acatar",3.97,1.70,5.03,2.01,4.18,1.77,1.41,0.82,1.97,1.24,2.14,1.19,2.28,1.22,1.59,0.98,"to comply with",1
11,"aceptación",7.77,1.10,5.37,1.81,3.63,1.45,3.77,1.07,1.23,0.68,1.33,0.71,1.37,0.76,1.20,0.61,"acceptance",1
12,"acera",4.43,1.36,3.53,1.63,5.65,2.05,1.37,0.72,1.17,0.53,1.17,0.46,1.33,0.84,1.33,0.71,"sidewalk",1
13,"aclamar",6.13,1.59,6.40,1.65,4.38,1.32,3.58,1.06,1.58,1.18,1.35,0.88,1.55,1.15,1.32,0.91,"to acclaim",2
14,"acné",2.07,1.26,4.87,2.35,6.12,1.25,1.17,0.59,2.47,1.41,2.23,1.22,1.80,1.13,3.50,1.17,"acne",1
15,"acogedora",7.93,1.17,3.83,2.21,4.43,1.56,4.33,0.80,1.13,0.50,1.26,0.68,1.23,0.56,1.16,0.52,"cozy",1
16,"acosar",1.73,1.68,6.97,1.79,4.88,1.10,1.13,0.43,4.03,1.00,3.20,1.42,4.07,0.98,3.57,1.61,"harass",1
17,"actuar",6.00,1.51,6.35,1.82,3.96,1.41,3.00,1.39,1.60,1.13,1.43,0.97,2.00,1.20,1.37,0.89,"to act",2
18,"acuarela",5.93,1.95,4.20,2.27,5.60,1.64,2.93,1.41,1.17,0.53,1.90,1.32,1.17,0.53,1.20,0.55,"watercolor",1
19,"acuático",5.97,1.50,5.50,1.63,3.70,1.53,3.10,1.21,1.07,0.25,1.10,0.31,1.83,1.02,1.27,0.69,"aquatic",3
20,"acuchillar",1.87,1.89,7.23,2.22,5.65,1.64,1.13,0.57,3.90,1.52,3.43,1.45,4.00,1.34,3.40,1.50,"to stab",1
21,"acusar",3.00,2.02,6.80,1.79,4.83,1.24,1.19,0.75,3.52,1.18,3.13,1.23,3.13,1.26,2.55,1.36,"to accuse",1
22,"admirar",7.40,1.54,6.27,1.68,4.92,1.52,3.93,0.84,1.20,0.55,1.23,0.50,1.40,0.89,1.17,0.46,"to admire",2
23,"adulterado",2.62,1.42,5.41,2.27,4.34,1.49,1.11,0.42,2.75,1.32,2.00,1.28,2.68,1.44,2.89,1.10,"adulterated",2
24,"adulterio",2.27,2.02,6.43,1.85,5.93,1.36,1.23,0.77,3.47,1.33,3.40,1.35,2.60,1.45,2.97,1.56,"adultery",1
25,"advertir",4.20,1.56,5.87,1.98,4.10,1.45,1.70,0.79,2.03,1.25,1.83,0.99,2.77,1.10,1.47,0.73,"to advise",1
26,"afamado",5.42,1.50,5.42,1.54,4.75,1.85,2.50,1.15,1.40,0.75,1.55,0.76,1.55,0.89,1.65,1.14,"famous",1
27,"afectuoso",7.23,1.89,5.07,1.66,4.25,1.19,3.83,1.32,1.07,0.37,1.33,0.76,1.27,0.64,1.13,0.43,"affectionate",3
28,"afición",7.10,1.37,6.63,1.63,4.35,1.73,4.07,0.96,1.21,0.41,1.17,0.47,1.31,0.76,1.14,0.44,"hobby",1
29,"agencia",4.83,1.58,4.28,1.94,4.08,1.67,1.55,0.95,1.34,0.77,1.28,0.59,1.28,0.53,1.31,0.66,"agency",1
30,"aglomeración",3.37,1.97,7.37,1.83,5.03,1.57,1.77,1.01,2.47,1.38,1.43,0.73,2.47,1.28,2.10,1.18,"conglomerate",1
31,"agonizar",1.20,0.48,6.93,2.03,5.05,1.62,1.00,0.00,3.03,1.38,4.10,1.18,4.17,0.97,1.72,1.10,"to be dying",1
32,"agradar",8.07,0.94,5.53,2.16,4.70,1.32,4.43,0.77,1.07,0.25,1.13,0.43,1.30,0.65,1.10,0.31,"to please",1
33,"agredir",1.80,1.27,7.47,1.70,5.05,1.62,1.00,0.00,3.97,1.00,3.37,1.43,3.53,1.25,3.20,1.47,"to assault",1
34,"agua",6.80,2.19,3.67,2.40,5.90,1.73,3.00,1.36,1.17,0.59,1.37,0.85,1.87,1.31,1.27,0.91,"water",1
35,"aguijón",2.52,1.66,6.76,1.79,6.59,0.93,1.04,0.19,2.39,1.40,1.64,0.91,3.75,1.43,2.75,1.38,"sting",1
36,"ahogar",1.60,1.54,7.30,1.91,5.35,1.59,1.00,0.00,3.20,1.58,3.60,1.25,4.37,1.10,1.97,1.38,"to choke",1
37,"ahorcar",1.55,1.33,7.52,2.20,6.12,1.42,1.03,0.19,3.83,1.26,3.66,1.49,3.97,1.50,3.03,1.64,"to hang",1
38,"alabar",6.43,2.37,5.10,1.97,4.15,1.73,3.43,0.97,1.33,0.92,1.30,0.84,1.43,0.86,1.47,0.90,"to praise",2
39,"alarma",3.00,1.49,7.80,1.37,5.30,1.46,1.45,0.87,2.34,1.37,1.86,1.13,3.23,1.45,1.48,1.02,"alarm",1
40,"alarmar",4.00,1.68,7.87,1.43,4.43,1.32,1.37,0.76,1.90,0.99,1.77,1.17,3.77,1.19,1.23,0.57,"to alarm",1
41,"alegrar",8.60,0.62,7.50,1.48,4.30,1.57,4.73,0.58,1.03,0.18,1.07,0.25,1.43,0.77,1.00,0.00,"to cheer up",1
42,"alegría",8.60,0.62,7.57,1.45,4.25,1.85,4.77,0.57,1.00,0.00,1.00,0.00,1.23,0.50,1.13,0.43,"happiness",1
43,"alentador",6.97,1.94,6.03,1.78,4.93,1.44,3.73,1.01,1.27,0.83,1.40,0.97,1.73,1.20,1.23,0.77,"encouraging",1
44,"alicatar",4.71,0.98,3.93,1.86,5.58,1.46,1.19,0.48,1.15,0.46,1.15,0.53,1.07,0.38,1.15,0.53,"to tile",2
45,"alimentar",6.83,1.90,5.40,2.09,4.83,1.63,3.50,1.38,1.33,0.66,1.67,1.09,1.43,0.77,1.37,0.72,"to feed",1
46,"alterado",3.63,2.03,7.43,1.50,4.50,1.46,1.63,0.96,2.87,1.61,2.40,1.10,2.83,1.32,1.47,0.90,"annoyed",1
47,"alto",5.67,1.37,4.60,1.61,4.35,1.80,2.20,1.10,1.13,0.43,1.20,0.48,1.60,0.86,1.23,0.50,"tall",3
48,"aludir",4.69,0.93,4.97,1.59,3.48,1.62,1.59,0.91,1.24,0.58,1.28,0.53,1.38,0.68,1.17,0.38,"to allude",1
49,"amar",8.63,0.81,7.00,2.21,4.40,2.15,4.90,0.31,1.23,0.57,1.90,1.18,2.27,1.17,1.03,0.18,"to love",2
50,"amargura",1.90,1.58,4.60,2.61,4.47,2.03,1.00,0.00,2.70,1.44,4.43,0.68,2.57,1.38,2.83,1.60,"bitterness",1
51,"amenazado",1.93,1.72,7.27,2.10,4.53,1.63,1.03,0.18,3.60,1.16,2.97,1.43,4.37,1.00,2.43,1.50,"threated",1
52,"amenazador",2.03,1.79,7.37,2.03,4.53,1.40,1.00,0.00,3.70,1.18,2.40,1.38,4.27,1.05,2.60,1.45,"threatening",1
53,"amenazar",1.87,1.48,7.13,1.78,4.83,1.63,1.00,0.00,4.13,0.97,3.07,1.53,4.10,1.03,2.67,1.42,"to threaten",2
54,"amistad",8.33,1.54,6.17,2.45,4.73,1.75,4.77,0.43,1.03,0.18,1.43,0.86,1.30,0.60,1.03,0.18,"friendship",1
55,"amistoso",7.77,1.41,5.60,1.89,4.90,1.39,4.27,0.74,1.13,0.43,1.07,0.37,1.40,0.93,1.10,0.40,"friendly",1
56,"amordazar",1.76,1.50,7.31,1.91,5.91,1.43,1.14,0.44,3.86,1.09,3.18,1.47,4.14,1.25,2.72,1.49,"to gag",1
57,"amplia",5.13,1.52,3.77,1.58,2.88,1.42,2.07,1.28,1.21,0.49,1.17,0.47,1.34,0.67,1.03,0.19,"broad",1
58,"amputación",1.60,1.22,6.37,2.34,6.30,0.90,1.03,0.18,2.63,1.59,3.93,1.31,4.07,1.17,3.23,1.41,"amputatation",1
59,"ancho",4.47,1.28,3.00,1.64,3.55,1.91,1.40,0.86,1.40,0.86,1.23,0.63,1.33,0.66,1.37,0.89,"wide",3
60,"anclar",5.03,0.85,3.67,1.84,5.05,1.55,1.55,1.09,1.17,0.47,1.48,0.83,1.34,0.72,1.14,0.58,"to anchor",1
61,"animar",8.03,0.84,7.13,1.45,4.89,1.35,4.27,0.94,1.00,0.00,1.40,0.97,1.10,0.40,1.00,0.00,"to encourage",2
62,"aniquilar",1.62,1.42,7.76,1.83,5.52,1.52,1.21,0.77,4.21,0.98,3.72,1.49,4.07,1.22,3.28,1.60,"to annihilate",1
63,"anorexia",1.40,1.07,5.73,1.98,6.03,1.20,1.03,0.18,2.40,1.28,4.23,0.90,3.43,1.41,2.23,1.33,"anorexia",1
64,"anotar",5.07,2.03,4.72,2.28,4.73,1.67,1.41,0.68,1.14,0.44,1.34,0.72,1.24,0.51,1.24,0.58,"to write down",1
65,"ansiedad",2.13,1.50,7.07,2.35,4.47,1.55,1.20,0.55,2.87,1.20,3.57,0.90,3.77,1.14,2.03,1.13,"anxiety",1
66,"anticuado",3.70,1.58,3.53,1.33,4.13,1.64,1.69,1.04,1.48,1.02,1.93,1.16,1.52,0.99,1.48,0.83,"outdated",1
67,"antiguo",5.40,1.40,4.00,1.72,4.43,1.49,2.55,1.34,1.29,0.90,2.61,1.23,1.87,1.15,1.68,1.14,"antique",3
68,"antipático",2.90,2.23,5.30,1.64,5.22,1.14,1.10,0.40,2.70,1.24,2.67,1.27,1.70,1.06,2.10,1.27,"unpleasant",1
69,"apaciguado",6.14,2.18,3.66,2.97,3.72,1.95,2.64,1.19,1.18,0.48,1.32,0.61,1.29,0.66,1.00,0.00,"soothed",2
70,"aparato",4.27,1.46,3.70,1.68,2.75,2.09,1.57,3.80,1.33,0.80,1.27,0.64,1.50,0.97,1.27,0.64,"device",1
71,"apasionado",7.77,1.07,7.73,1.36,4.45,1.66,4.17,0.91,1.40,0.67,1.23,0.57,1.60,0.81,1.10,0.31,"passionate",1
72,"apendicitis",1.76,1.38,6.28,2.19,6.59,0.52,1.07,0.26,1.59,0.87,2.69,1.34,3.59,1.38,2.24,1.15,"appendicitis",1
73,"aperitivo",6.93,1.78,5.37,2.04,5.52,1.37,3.80,1.00,1.07,0.37,1.10,0.31,1.03,0.18,1.27,0.64,"appetizer",1
74,"apestoso",1.80,1.52,5.23,1.94,5.09,1.46,1.03,0.18,1.63,0.93,1.47,0.94,1.67,1.06,4.67,0.61,"stinky",1
75,"apilar",4.77,0.68,3.73,1.82,4.68,1.37,1.14,0.44,1.24,0.83,1.31,0.85,1.14,0.58,1.10,0.41,"to pile up",1
76,"aplastar",2.73,1.23,6.53,1.50,5.55,1.15,1.07,0.26,2.90,1.40,2.66,1.34,3.21,1.37,2.59,1.40,"to smash",2
77,"aplaudir",7.40,1.22,6.87,1.68,5.63,1.52,4.20,1.03,1.13,0.43,1.13,0.43,1.20,0.55,1.13,0.43,"to applaude",1
78,"aplausos",7.47,1.50,7.63,1.10,5.95,1.37,4.07,1.01,1.33,0.96,1.13,0.51,1.30,0.70,1.03,0.18,"applause",1
79,"apodar",4.63,0.96,4.10,1.69,5.22,1.39,1.83,1.00,1.59,1.18,1.55,1.09,1.28,0.75,1.17,0.47,"to nickname",2
80,"aprobar",8.33,0.76,7.27,1.41,5.60,1.32,4.77,0.43,1.10,0.40,1.07,0.37,1.73,1.05,1.07,0.37,"to pass",2
81,"araña",2.10,1.30,7.07,2.06,6.05,1.41,1.17,0.59,2.33,1.45,1.50,0.94,3.53,1.36,3.77,1.28,"spider",1
82,"armar",3.93,1.89,6.10,1.94,4.10,1.84,1.97,1.45,2.83,1.49,2.53,1.43,2.93,1.39,1.90,1.24,"to assemble",1
83,"armonía",7.67,1.60,5.37,2.13,3.57,1.85,4.10,0.98,1.00,0.00,1.24,0.69,1.03,0.19,1.00,0.00,"harmony",1
84,"aroma",7.00,1.64,4.43,2.40,4.02,1.68,3.30,0.99,1.33,0.96,1.70,1.15,1.30,0.88,1.73,0.94,"scent",1
85,"arrasar",4.16,1.95,6.48,1.88,3.74,1.31,2.17,1.29,2.57,1.45,2.10,1.35,2.60,1.33,1.33,0.76,"to devastate / to triumph",1
86,"arriesgado",5.00,1.23,7.33,1.24,4.02,1.62,2.20,1.30,1.17,0.46,1.37,0.76,3.60,1.13,1.20,0.48,"risky",1
87,"arrimar",5.59,1.35,6.00,1.85,4.41,1.78,1.93,1.19,1.31,0.54,1.24,0.58,1.48,0.91,1.52,0.83,"to bring closer",1
88,"arrollar",2.45,1.15,6.33,1.63,4.30,1.60,1.24,0.51,2.59,1.30,2.41,1.21,3.24,1.06,1.62,0.98,"to carry away",1
89,"arroz",5.40,1.79,3.93,2.12,6.40,1.39,2.07,1.14,1.00,0.00,1.17,0.46,1.07,0.37,1.23,0.63,"rice",1
90,"arruinar",2.30,2.05,5.70,2.53,4.38,1.52,1.03,0.18,3.20,1.32,4.07,1.20,3.80,1.13,2.07,1.14,"to ruin",1
91,"artículo",5.70,1.39,4.73,1.87,4.75,1.77,2.10,1.35,1.31,0.85,1.38,0.82,1.45,0.95,1.41,0.95,"article",1
92,"artístico",7.13,1.89,5.33,2.25,3.95,1.84,3.77,0.94,1.33,0.71,1.73,1.26,1.37,0.81,1.03,0.18,"artistic",3
93,"asaltar",2.69,2.05,7.38,1.72,4.98,1.31,1.21,0.68,3.34,1.32,2.62,1.61,4.00,1.20,2.10,1.45,"to rob",1
94,"asfixiar",1.33,0.96,6.73,2.33,6.03,0.86,1.03,0.18,3.40,1.28,3.37,1.54,4.30,1.09,2.43,1.38,"to strangle",1
95,"asombrar",6.17,1.66,6.87,1.55,3.93,1.55,2.93,1.23,1.27,0.83,1.30,0.60,1.80,0.89,1.13,0.43,"to astonish",2
96,"astuto",6.67,1.58,5.77,1.82,4.65,1.67,2.67,1.35,1.60,0.97,1.27,0.64,1.70,0.99,1.30,0.65,"clever",1
97,"asustar",3.07,1.66,7.30,1.47,5.52,1.00,1.62,1.12,2.90,1.59,2.00,1.16,4.11,1.45,1.41,0.91,"to scare",2
98,"atacar",2.63,2.19,7.07,2.21,4.83,1.76,1.20,0.66,3.93,1.17,2.50,1.38,3.57,1.04,2.20,1.30,"to attack",1
99,"ataque",2.80,1.63,7.23,1.57,3.55,1.73,1.43,0.90,3.13,1.28,2.53,1.36,3.50,1.25,1.87,1.17,"attack",1
100,"atardecer",7.10,1.45,3.50,2.18,5.75,1.36,3.43,1.14,1.03,0.18,1.97,1.16,1.13,0.43,1.00,0.00,"to get dark",1
101,"atasco",1.83,0.87,6.93,1.91,5.37,1.63,1.07,0.25,4.10,1.06,2.33,1.30,2.20,1.21,2.80,1.19,"traffic jam",1
102,"ataúd",1.97,1.96,4.37,2.75,6.33,0.99,1.03,0.18,2.80,1.56,4.33,1.18,3.73,1.28,1.87,1.25,"coffin",1
103,"atemorizar",2.20,1.45,6.43,2.18,4.90,1.17,1.10,0.40,3.03,1.38,2.90,1.35,4.23,1.01,2.37,1.38,"to frighten",1
104,"atender",5.63,1.67,5.20,2.27,4.38,1.21,2.37,0.96,1.23,0.57,1.33,0.61,1.37,0.61,1.33,0.76,"to pay attention",1
105,"aterrar",1.83,1.23,7.33,1.60,5.20,1.83,1.10,0.40,2.80,1.24,2.70,1.29,4.57,0.86,2.37,1.25,"to terrify",2
106,"aterrorizar",1.77,1.19,7.77,1.28,5.03,1.64,1.07,0.26,3.41,1.55,2.93,1.53,4.59,0.95,2.14,1.33,"to terrorise",2
107,"atmosférico",4.57,1.10,2.90,1.71,4.40,1.95,1.50,0.82,1.10,0.40,1.53,1.07,1.57,1.07,1.13,0.43,"atmospheric",3
108,"atontado",3.30,1.26,4.43,1.83,4.17,1.67,1.37,0.93,2.13,1.14,2.07,1.01,1.43,0.63,1.50,0.94,"scatterbrained",1
109,"atornillar",4.77,0.68,4.07,1.95,6.20,0.83,1.14,0.44,1.17,0.60,1.10,0.56,1.10,0.31,1.00,0.00,"to screw",2
110,"atracar",2.53,2.15,7.30,1.80,5.40,1.37,1.07,0.25,3.30,1.29,2.80,1.42,4.00,1.05,2.53,1.59,"to mug",1
111,"atractivo",7.30,1.80,6.38,1.70,3.85,1.78,3.63,1.03,1.13,0.35,1.03,0.18,1.30,0.75,1.07,0.25,"attractive",1
112,"atravesar",4.80,1.21,5.37,1.73,3.93,1.49,2.14,1.41,1.45,0.83,1.38,0.82,1.97,1.12,1.28,0.65,"to go through",1
113,"aturdido",2.57,1.14,4.43,2.11,4.45,1.49,1.17,0.46,1.80,1.06,2.03,1.13,2.83,1.37,1.47,0.86,"stunned",1
114,"ausencia",3.27,1.74,4.43,2.64,3.75,1.89,1.33,0.80,2.17,1.29,4.03,1.10,2.93,1.36,1.63,1.07,"absence",1
115,"auténtico",7.13,1.41,5.53,1.89,4.10,1.42,3.87,1.14,1.37,0.81,1.30,0.65,1.50,0.90,1.13,0.43,"authentic",3
116,"auxiliar",6.40,1.77,5.53,2.13,3.80,1.73,2.27,1.41,1.30,0.65,1.63,1.00,1.93,1.26,1.20,0.55,"to aid",1
117,"aventurero",7.37,1.69,7.57,1.52,4.90,1.17,3.97,1.13,1.17,0.53,1.23,0.57,2.40,1.22,1.13,0.57,"adventurous",3
118,"aversivo",1.93,1.41,6.93,2.00,5.07,1.51,1.25,0.84,3.18,1.25,2.82,1.31,3.36,1.37,3.71,1.38,"aversive",1
119,"avispado",6.80,1.45,7.27,1.64,5.13,1.28,2.77,1.17,1.53,1.01,1.27,0.64,1.57,0.82,1.17,0.46,"sharp / bright",1
120,"azulejo",4.73,1.20,3.47,1.91,6.10,1.14,1.40,0.67,1.20,0.76,1.13,0.35,1.00,0.00,1.27,0.69,"tile",1
121,"átomo",4.57,1.76,3.57,2.24,5.67,1.60,1.50,0.94,1.47,0.90,1.37,0.85,1.63,1.07,1.30,0.75,"atom",1
122,"babosa",2.93,1.53,5.00,1.70,6.05,1.43,1.28,0.59,1.21,0.68,1.28,0.59,1.90,1.14,4.07,1.14,"slug",1
123,"bailar",7.50,1.68,6.83,2.39,5.90,1.06,4.13,0.94,1.17,0.46,1.13,0.35,1.30,0.65,1.07,0.25,"to dance",1
124,"baile",7.50,1.46,6.90,2.20,5.48,1.05,4.20,0.89,1.42,0.89,1.48,1.03,1.65,1.05,1.06,0.25,"dance",1
125,"balneario",7.93,1.23,2.47,2.19,6.08,1.36,4.03,1.07,1.07,0.25,1.20,0.55,1.10,0.31,1.17,0.46,"spa",1
126,"barba",5.70,1.47,3.70,2.45,6.25,1.29,1.93,1.14,1.10,0.40,1.10,0.40,1.27,0.58,1.27,0.58,"beard",1
127,"bebé",7.60,1.67,6.80,1.99,6.05,1.47,4.55,0.85,1.32,1.01,1.29,0.82,1.87,1.06,1.35,0.91,"baby",1
128,"bello",7.93,1.39,6.37,1.75,3.98,1.67,4.13,0.94,1.30,0.84,1.10,0.40,1.37,0.67,1.07,0.25,"beautiful",3
129,"beneficio",7.50,1.72,5.80,1.90,4.53,1.72,4.13,1.11,1.30,0.75,1.07,0.25,1.33,0.76,1.33,0.76,"profit",1
130,"besar",8.43,0.63,8.07,0.87,5.60,1.51,4.63,0.61,1.07,0.25,1.27,0.64,1.57,0.94,1.37,0.56,"to kiss",1
131,"bienestar",7.93,2.03,4.90,2.55,3.68,1.60,4.66,0.55,1.00,0.00,1.00,0.00,1.14,0.44,1.00,0.00,"well-being",1
132,"bikini",6.20,2.11,5.17,2.55,6.30,1.02,3.27,1.39,1.17,0.59,1.43,0.94,1.23,0.77,1.23,0.68,"bikini",1
133,"binario",4.27,1.70,3.27,2.13,4.70,1.94,1.31,0.60,1.31,0.89,1.38,0.94,1.41,0.95,1.41,0.95,"binary",1
134,"bochorno",2.87,1.94,5.13,2.29,4.47,1.49,1.23,0.77,2.63,1.38,2.53,1.48,2.07,1.44,2.40,1.22,"embarrassment / sweltering",1
135,"bola",4.57,1.30,4.27,1.89,4.70,1.95,1.80,1.06,1.30,0.53,1.23,0.50,1.23,0.50,1.30,0.65,"ball",1
136,"bombardear",1.53,1.28,7.83,1.32,5.78,1.14,1.00,0.00,3.70,1.32,4.30,1.06,4.47,1.04,2.47,1.48,"to bomb",1
137,"bondadoso",7.90,1.69,5.83,1.78,5.05,1.64,4.03,0.85,1.10,0.31,1.07,0.25,1.30,0.79,1.10,0.40,"kind",3
138,"bonito",7.97,1.07,4.90,2.32,4.00,1.76,4.33,0.71,1.10,0.40,1.27,0.64,1.03,0.18,1.07,0.25,"pretty",3
139,"borroso",3.37,1.33,4.50,2.24,4.55,1.52,1.27,0.74,1.77,1.07,2.03,1.03,2.30,0.95,1.43,0.73,"blurred",3
140,"bosque",7.63,1.65,5.27,2.53,5.40,1.72,3.80,1.37,1.17,0.59,1.50,0.94,2.23,1.01,1.10,0.31,"forest",1
141,"botón",4.80,0.85,4.10,1.81,6.08,1.49,1.52,0.83,1.31,0.76,1.14,0.44,1.24,0.64,1.17,0.54,"button",1
142,"brincar",6.77,1.26,7.35,1.64,5.52,1.16,3.93,1.14,1.53,0.94,1.10,0.40,1.60,1.04,1.23,0.50,"to jump",1
143,"broma",6.40,1.43,7.03,1.30,4.65,1.61,3.87,1.11,1.63,0.93,1.27,0.64,1.70,0.99,1.33,0.76,"joke",1
144,"cachorro",8.10,1.60,5.23,2.87,6.20,1.22,4.27,0.69,1.07,0.37,1.37,0.76,1.20,0.48,1.10,0.40,"puppy",1
145,"caducado",2.70,1.56,4.57,2.21,5.20,1.55,1.10,0.40,1.80,1.13,2.33,1.32,2.23,1.33,3.93,1.31,"expired",2
146,"caer",2.47,1.46,6.50,1.81,4.53,1.71,1.27,0.64,2.23,1.28,2.50,1.25,3.67,1.15,1.37,0.61,"to fall",2
147,"calavera",3.17,1.64,4.90,1.77,6.46,0.63,1.13,0.51,1.43,0.77,2.27,1.14,3.33,1.15,2.60,1.33,"skull",1
148,"calentar",5.40,1.45,5.23,1.99,4.32,1.54,2.33,1.37,1.57,0.97,1.23,0.50,1.60,0.93,1.10,0.40,"to heat",1
149,"calma",7.57,1.79,2.43,2.60,4.85,1.43,3.90,1.24,1.00,0.00,1.40,0.97,1.30,0.60,1.00,0.00,"calm",1
150,"calmado",6.70,1.42,1.87,1.11,5.33,1.39,2.93,0.94,1.17,0.59,1.57,0.77,1.17,0.46,1.00,0.00,"calmed",1
151,"calmante",5.67,2.28,2.47,2.10,4.68,1.48,2.42,1.26,1.42,0.96,1.90,1.16,1.77,1.12,1.35,0.88,"painkiller",1
152,"camping",6.50,1.83,5.60,2.13,5.85,1.55,3.68,0.98,1.16,0.45,1.35,0.80,2.00,1.06,1.87,0.99,"camping",1
153,"canal",4.57,1.33,3.00,1.72,3.27,1.92,1.77,1.19,1.23,0.57,1.37,0.76,1.57,0.86,1.53,0.94,"channel / canal",1
154,"canción",7.57,1.70,5.47,2.01,6.30,0.79,4.23,0.86,1.47,0.90,2.50,1.14,1.27,0.78,1.23,0.77,"song",1
155,"cansancio",2.80,1.35,2.77,1.50,4.70,1.61,1.33,0.55,1.90,1.35,2.67,1.18,1.53,0.90,1.67,1.09,"tiredness",1
156,"cantar",6.90,1.79,6.70,1.53,5.03,1.28,3.90,1.16,1.27,0.52,1.77,0.90,1.47,0.97,1.17,0.46,"to sing",2
157,"capa",4.43,1.33,3.27,1.82,4.59,1.78,1.47,0.90,1.17,0.53,1.20,0.55,1.60,1.07,1.23,0.57,"cape",1
158,"caprichoso",2.90,1.71,5.17,1.77,4.83,1.72,1.38,0.68,2.47,1.22,2.07,1.25,1.31,0.54,2.13,1.20,"capricious",1
159,"carcajada",8.60,0.72,7.30,2.25,6.10,1.22,4.87,0.43,1.00,0.00,1.00,0.00,1.07,0.37,1.00,0.00,"guffaw",1
160,"carismático",7.10,1.54,5.24,2.21,4.93,1.44,3.62,0.86,1.34,0.81,1.17,0.47,1.28,0.70,1.31,0.81,"charismatic",1
161,"cartesiano",4.39,1.12,3.13,2.20,4.72,2.06,1.21,0.59,1.33,0.92,1.50,1.06,1.38,0.92,1.46,1.10,"cartesian",1
162,"castigar",1.90,0.99,6.47,2.22,5.28,1.30,1.07,0.25,3.47,1.36,3.27,1.23,3.33,1.35,2.30,1.26,"to punish",1
163,"catástrofe",1.30,0.95,7.93,1.51,4.43,1.58,1.00,0.00,3.07,1.53,4.73,0.58,4.60,0.81,1.90,1.24,"catastrophe",1
164,"cauto",5.76,1.55,3.97,1.52,4.18,1.64,1.72,1.03,1.10,0.31,1.28,0.59,1.86,1.16,1.07,0.26,"wary",1
165,"cazar",2.20,1.54,6.97,1.92,5.48,1.22,1.23,0.43,2.90,1.40,3.50,1.11,2.47,1.46,3.10,1.32,"to hunt",2
166,"cefalea",1.93,1.24,5.70,2.18,5.94,1.29,1.04,0.19,2.52,1.40,2.74,1.40,2.41,1.37,1.85,1.35,"headache",1
167,"ceguera",1.87,1.41,6.27,2.00,5.43,1.69,1.00,0.00,2.53,1.31,4.13,0.94,4.17,1.18,1.38,0.73,"blidness",1
168,"celda",1.83,1.58,5.77,2.51,5.88,1.35,1.23,0.80,3.32,1.54,3.84,1.42,4.00,1.15,3.19,1.56,"cell",1
169,"celebración",8.23,1.02,7.59,1.22,5.03,1.14,4.73,0.52,1.17,0.59,1.33,0.88,1.43,0.86,1.13,0.51,"celebration",1
170,"celebrar",7.53,1.36,7.10,1.42,4.45,1.64,4.47,0.68,1.10,0.31,1.40,1.10,1.40,0.93,1.10,0.31,"to celebrate",1
171,"celulitis",2.73,1.66,4.63,1.94,6.38,0.65,1.03,0.18,1.97,1.22,2.20,1.16,1.97,1.07,3.10,1.16,"cellulite",1
172,"chaquetero",2.27,1.11,4.63,1.99,4.73,1.76,1.20,0.48,2.87,1.22,2.23,1.38,1.60,0.97,2.60,1.40,"turncoat",3
173,"charca",5.50,1.57,3.87,2.08,5.97,1.14,2.41,1.52,1.17,0.54,1.48,0.69,1.69,0.93,2.03,1.05,"pond",1
174,"charlar",7.03,1.35,5.97,1.82,4.99,1.34,3.73,1.14,1.13,0.43,1.13,0.35,1.30,0.84,1.00,0.00,"to chat",2
175,"chimenea",5.90,1.92,3.80,1.94,6.43,0.95,3.03,1.38,1.17,0.46,1.67,1.03,1.87,1.11,1.30,0.84,"fireplace",1
176,"chistoso",7.20,1.67,6.30,1.78,5.07,1.19,4.03,1.10,1.23,0.82,1.23,0.63,1.07,0.25,1.23,0.68,"humoruous",1
177,"chivato",2.60,1.50,5.97,2.13,5.13,1.60,1.27,0.69,3.30,1.12,2.00,1.11,1.90,0.99,2.80,1.37,"snitch",1
178,"chuchería",7.37,1.27,4.33,2.50,5.85,1.31,3.80,1.06,1.03,0.18,1.03,0.18,1.00,0.00,1.10,0.31,"candy",1
179,"chulo",3.73,2.33,5.00,2.00,4.75,1.87,2.17,1.39,2.62,1.54,1.76,1.35,1.52,0.87,2.62,1.66,"pimp",1
180,"cifrado",5.18,1.28,5.00,2.09,3.97,1.90,1.37,0.74,1.56,0.97,1.37,0.84,1.67,1.11,1.19,0.48,"coded",1
181,"cine",7.90,1.21,5.57,1.99,5.45,1.65,4.53,0.68,1.87,1.55,2.20,1.54,2.17,1.44,1.47,1.22,"cinema",1
182,"cirugía",3.27,2.10,6.87,1.31,5.63,1.38,1.43,0.90,1.27,0.64,2.07,1.08,3.93,1.20,2.20,1.21,"surgery",1
183,"cita",6.47,1.55,6.17,1.32,4.28,1.70,3.30,1.29,1.40,1.07,1.37,0.85,2.30,1.12,1.23,0.68,"date",1
184,"claridad",7.00,1.67,5.17,2.32,4.50,1.53,3.67,1.21,1.10,0.31,1.17,0.46,1.13,0.35,1.10,0.40,"clarity",1
185,"clase",6.00,1.58,4.73,1.72,4.28,1.94,2.70,1.34,1.13,0.43,1.20,0.41,1.43,0.68,1.13,0.43,"class",1
186,"clavel",6.67,1.58,3.57,2.05,6.75,0.63,3.37,1.10,1.10,0.40,1.33,0.80,1.07,0.25,1.07,0.25,"carnation",1
187,"coaccionar",2.18,1.54,6.50,1.62,4.70,1.38,1.07,0.26,3.70,1.20,2.89,1.37,3.61,1.34,3.14,1.58,"to coerce",2
188,"coacción",2.13,1.48,6.23,2.10,4.60,1.67,1.20,0.66,3.80,1.37,3.33,1.49,3.47,1.43,3.07,1.70,"coercion",1
189,"cobrar",7.38,1.74,6.45,2.06,4.50,1.67,4.07,1.28,1.21,0.41,1.28,0.70,1.24,0.51,1.17,0.76,"to cash",1
190,"cocer",4.72,1.58,4.07,2.07,5.81,1.29,1.38,0.73,1.21,0.56,1.31,0.66,1.34,0.67,1.41,0.91,"to boil",1
191,"codicioso",2.53,1.91,5.27,2.13,5.10,1.70,1.30,0.70,2.77,1.30,2.60,1.35,1.97,1.33,2.57,1.48,"greedy",1
192,"colorado",5.10,1.60,4.70,2.55,3.75,2.00,2.40,1.43,2.20,1.37,1.23,0.68,1.33,0.92,1.13,0.51,"red-colored",1
193,"comentario",4.87,1.04,3.87,1.48,3.54,1.85,2.47,1.22,2.10,1.12,2.13,1.36,2.00,1.31,1.80,1.13,"comment",1
194,"comenzar",6.13,1.83,6.10,2.31,4.25,1.94,3.10,1.27,1.20,0.55,1.73,1.26,2.37,1.22,1.23,0.77,"to begin",1
195,"compadecer",3.63,1.90,4.83,1.72,4.10,1.31,1.50,1.01,1.80,1.00,3.40,1.33,1.80,1.27,1.43,0.77,"to pity",2
196,"compañía",6.80,1.90,5.63,1.88,4.45,1.70,3.93,1.05,1.17,0.38,1.37,0.76,1.67,1.18,1.37,0.93,"company",1
197,"compartir",7.87,1.33,5.90,2.12,4.53,1.54,4.23,0.97,1.20,0.48,1.17,0.46,1.43,0.77,1.23,0.57,"to share",1
198,"compasivo",7.03,1.47,4.93,1.86,4.15,1.67,3.33,1.15,1.30,0.65,2.00,1.14,1.47,0.73,1.13,0.43,"compassionate",1
199,"competente",7.23,1.63,6.20,1.99,4.88,1.38,3.71,1.35,1.39,0.88,1.23,0.76,1.74,1.06,1.35,0.91,"competent",1
200,"competitivo",4.87,2.03,7.33,1.56,4.83,1.28,2.27,1.17,2.30,1.26,1.90,1.09,2.07,1.14,1.67,0.92,"competitive",3
201,"complacer",7.13,1.68,5.77,2.40,4.35,1.74,3.60,1.10,1.30,0.92,1.27,0.78,1.40,0.77,1.27,0.58,"to please",1
202,"complacido",6.87,1.96,4.63,2.27,4.10,1.78,3.83,0.91,1.17,0.59,1.13,0.51,1.30,0.70,1.20,0.61,"pleased",1
203,"comprensión",7.62,1.42,5.33,2.40,4.65,1.43,3.83,0.79,1.17,0.59,1.77,1.07,1.70,0.92,1.10,0.40,"understanding",1
204,"comunicación",7.10,1.71,5.70,2.28,4.23,1.74,3.50,1.17,1.20,0.66,1.20,0.48,1.63,1.03,1.17,0.65,"communication",1
205,"comunicativo",6.87,1.59,5.43,2.14,4.77,1.47,3.40,1.10,1.17,0.38,1.13,0.43,1.30,0.60,1.07,0.25,"communicative",3
206,"condena",2.37,1.65,6.03,2.50,4.85,1.25,1.17,0.38,3.10,1.35,3.80,1.21,3.60,1.13,2.20,1.27,"condemnation",1
207,"confidente",6.57,1.70,4.47,2.06,5.28,1.34,3.00,1.44,1.17,0.46,1.20,0.55,1.77,1.25,1.20,0.66,"informer",1
208,"conflicto",1.73,0.83,7.37,1.97,4.53,1.53,1.17,0.46,4.00,1.02,3.57,1.28,3.57,1.19,2.33,1.47,"conflict",1
209,"confundido",3.43,1.28,5.33,1.81,3.93,1.41,1.17,0.46,1.73,0.98,2.37,1.00,2.43,1.07,1.20,0.41,"confused",1
210,"congelado",4.03,1.38,4.67,2.02,5.30,1.45,1.33,0.76,1.23,0.50,1.83,1.09,2.17,1.42,1.50,0.97,"frozen",1
211,"conocer",7.17,1.68,5.70,2.15,3.63,1.85,3.37,1.19,1.07,0.37,1.30,0.75,2.07,0.94,1.30,0.75,"to know",2
212,"consciente",6.55,1.70,5.38,2.21,3.98,1.93,2.76,1.24,1.34,0.72,1.59,0.98,1.93,1.25,1.38,0.86,"aware",1
213,"conseguir",7.48,1.48,6.62,1.82,3.83,1.58,4.30,1.09,1.07,0.37,1.00,0.00,1.60,0.86,1.03,0.19,"to obtain",2
214,"conservar",5.83,1.65,4.62,1.86,4.18,1.41,2.41,1.35,1.34,0.94,1.31,0.60,1.21,0.68,1.28,0.88,"to keep",2
215,"contentar",7.93,1.31,6.97,1.59,4.54,1.67,3.86,1.51,1.17,0.66,1.10,0.41,1.10,0.56,1.14,0.74,"to satisfy",2
216,"contento",8.10,1.47,6.70,2.42,5.40,1.16,4.52,0.77,1.13,0.72,1.19,0.75,1.19,0.75,1.16,0.73,"happy",1
217,"contrario",4.07,1.60,5.00,1.89,4.13,1.84,1.33,0.66,1.93,1.17,1.53,0.86,2.00,1.23,1.53,0.94,"opposite",1
218,"cooperar",7.63,1.35,6.10,2.02,4.73,1.53,3.93,1.11,1.27,0.64,1.20,0.48,1.40,0.77,1.27,0.83,"cooperate",1
219,"coordinación",7.03,1.52,6.30,2.00,4.53,1.37,3.20,1.30,1.23,0.63,1.13,0.51,1.77,1.07,1.13,0.43,"coordination",1
220,"coquetear",6.80,1.52,6.60,1.71,4.95,1.66,3.57,1.10,1.17,0.46,1.17,0.59,1.70,1.02,1.23,0.57,"to flirt",2
221,"correr",6.28,2.07,7.76,1.43,5.71,1.19,3.38,1.27,2.00,1.20,1.43,0.82,2.13,1.46,1.37,0.76,"to run",1
222,"corromper",1.80,0.85,5.27,1.55,4.25,1.37,1.10,0.41,3.55,1.12,2.76,1.21,2.59,1.21,2.93,1.44,"to corrupt",1
223,"cosa",4.43,1.20,3.37,1.83,1.80,1.55,1.83,1.05,1.43,0.82,1.40,0.86,1.70,0.95,1.67,1.09,"thing",1
224,"cómico",7.63,1.25,5.77,1.96,4.60,1.51,4.20,0.92,1.00,0.00,1.03,0.18,1.10,0.31,1.03,0.18,"comedian",1
225,"cómodo",7.40,1.25,4.90,2.37,4.30,1.40,3.73,0.98,1.10,0.31,1.13,0.43,1.07,0.25,1.10,0.31,"comfortable",3
226,"creativo",7.57,1.68,6.07,2.36,4.55,1.60,4.03,1.14,1.61,1.31,1.55,1.23,1.68,1.19,1.29,0.90,"creative",3
227,"crecer",6.68,1.62,5.68,2.02,5.01,1.63,3.83,1.02,1.10,0.40,1.80,1.00,2.20,1.27,1.03,0.18,"grow",2
228,"creído",3.03,1.81,5.53,1.80,4.88,1.49,1.42,0.92,3.06,1.31,2.19,1.14,1.87,1.18,3.03,1.28,"vain",1
229,"crédulo",3.86,1.67,4.61,1.66,4.41,1.74,1.73,1.12,1.77,1.03,1.77,1.03,1.65,0.85,1.46,0.90,"gullible",1
230,"crisis",2.17,1.93,6.67,2.26,3.83,1.64,1.07,0.25,3.80,1.03,3.97,0.85,3.90,1.12,2.77,1.52,"crisis",1
231,"cuadrada",4.46,1.30,3.07,1.79,3.44,1.92,1.18,0.39,1.11,0.42,1.25,0.70,1.18,0.48,1.11,0.42,"square",1
232,"cucaracha",2.40,1.85,7.17,1.98,6.27,1.55,1.13,0.43,1.77,1.10,1.33,0.61,2.60,1.25,4.20,1.06,"cockroach",1
233,"cuento",7.47,1.41,4.70,2.35,5.20,1.52,3.83,1.02,1.13,0.43,2.00,1.05,1.77,1.07,1.10,0.31,"story",1
234,"cuidar",7.40,1.57,5.83,1.88,4.62,1.57,3.43,1.14,1.10,0.40,1.57,0.86,1.73,0.87,1.17,0.53,"to take care",2
235,"culto",6.83,2.20,4.80,1.71,4.47,2.03,3.00,1.31,1.07,0.25,1.17,0.46,1.27,0.64,1.10,0.31,"cult",3
236,"danza",7.40,1.22,6.67,2.51,5.10,1.61,4.32,0.87,1.35,0.84,1.55,0.96,1.42,0.85,1.13,0.72,"dance",1
237,"dañar",2.07,1.93,6.13,2.22,5.18,1.36,1.03,0.18,3.80,1.06,3.57,1.45,3.53,1.22,2.70,1.47,"to damage",1
238,"dañino",1.67,1.49,6.10,1.99,4.15,1.49,1.00,0.00,3.20,1.42,3.70,1.24,3.83,1.15,2.20,1.35,"harmful",1
239,"dar",6.47,1.53,5.23,1.61,4.50,1.71,3.58,1.20,1.35,0.91,1.65,1.11,1.74,1.15,1.39,0.92,"to give",2
240,"decapitar",1.37,1.47,7.67,1.97,5.97,1.46,1.00,0.00,4.10,1.37,4.07,1.36,4.43,0.94,3.97,1.27,"decapitate",2
241,"decidir",6.03,2.11,6.53,2.08,4.68,1.55,2.80,1.24,1.53,0.86,1.87,1.04,2.80,1.32,1.47,0.73,"to decide",2
242,"decoro",4.81,1.94,4.00,1.86,3.28,1.61,2.48,1.28,1.26,0.53,1.26,0.53,1.26,0.53,1.26,0.59,"propriety",1
243,"defender",6.73,1.76,7.03,1.77,4.88,1.26,2.63,1.35,2.50,1.25,1.63,0.89,2.83,1.23,1.40,0.86,"to defend",1
244,"degollar",1.48,1.27,7.55,2.37,6.20,1.45,1.03,0.19,3.79,1.24,3.83,1.47,4.52,0.99,4.00,1.44,"to cut sb throat",1
245,"delfín",7.33,1.67,5.17,2.39,6.64,0.65,3.90,1.18,1.07,0.25,1.27,0.69,1.50,0.90,1.20,0.81,"dolphin",1
246,"delgado",5.93,1.34,5.13,1.04,4.85,1.43,2.73,1.14,1.30,0.65,1.70,0.99,1.60,0.89,1.70,0.79,"thin",3
247,"delicadeza",7.07,1.53,4.17,2.73,4.75,1.55,2.77,1.22,1.20,0.76,1.63,1.03,1.80,1.37,1.27,0.83,"fineness",1
248,"delicioso",8.07,0.98,6.97,1.47,4.75,1.37,4.27,0.83,1.07,0.25,1.07,0.25,1.03,0.18,1.03,0.18,"delicious",1
249,"delincuencia",2.57,2.19,6.73,1.91,4.47,1.97,1.07,0.25,3.33,1.32,3.20,1.45,3.60,1.07,2.87,1.48,"crime",1
250,"demencia",2.17,1.29,5.63,1.91,5.00,1.43,1.10,0.40,2.13,1.31,4.03,1.10,3.37,1.33,1.30,0.65,"dementia",1
251,"democracia",6.83,1.56,5.87,1.55,5.37,1.64,3.20,1.13,1.70,1.12,1.60,0.93,1.70,0.99,1.53,0.90,"democracy",1
252,"denigrar",1.69,1.04,6.03,2.26,4.88,1.59,1.10,0.40,3.50,1.48,3.37,1.27,2.53,1.38,3.20,1.58,"to denigrate",2
253,"denominar",4.52,1.48,4.00,2.19,4.21,1.98,1.25,0.59,1.21,0.57,1.18,0.55,1.14,0.45,1.14,0.45,"to refer to",2
254,"derruir",2.39,1.29,5.86,1.78,4.94,1.43,1.19,0.79,3.07,1.54,3.67,1.27,3.04,1.34,1.63,1.01,"to pull down",2
255,"derrumbar",2.40,1.57,5.57,2.27,4.32,1.29,1.30,0.60,2.77,1.52,3.57,1.25,3.23,1.28,1.73,1.11,"to demolish",2
256,"desafiar",4.30,1.76,6.53,2.16,5.07,1.42,1.53,1.01,2.30,1.29,1.87,1.14,2.53,1.14,1.50,0.82,"to defy",1
257,"desagradable",2.00,1.60,4.70,2.34,4.45,1.91,1.00,0.00,2.63,1.13,2.80,1.37,2.63,1.22,4.30,0.75,"disagreeable",1
258,"desahuciado",1.50,0.97,6.30,2.18,5.28,1.67,1.00,0.00,3.87,1.33,4.40,1.04,3.73,1.20,2.50,1.59,"evicted",1
259,"desahuciar",1.40,0.71,7.13,2.31,5.73,1.50,1.00,0.00,4.13,1.11,4.63,0.85,3.73,1.51,2.97,1.54,"to evict",2
260,"desahucio",1.33,0.76,6.80,2.22,6.03,1.03,1.00,0.00,4.27,1.01,4.50,0.78,4.17,1.09,3.23,1.50,"eviction",1
261,"desamor",1.37,1.13,5.83,2.49,4.83,1.59,1.23,0.82,3.30,1.34,4.67,0.71,3.47,1.36,2.13,1.36,"dislike",1
262,"desangrar",1.30,0.53,7.77,1.52,6.38,0.62,1.07,0.37,3.03,1.43,3.86,1.09,4.28,1.10,3.38,1.35,"to bleed out",1
263,"descansar",7.90,1.24,2.23,1.61,5.28,1.28,4.10,0.88,1.10,0.31,1.17,0.46,1.13,0.43,1.03,0.18,"to rest",1
264,"desconsiderado",2.10,1.37,5.20,2.11,4.17,1.47,1.00,0.00,3.30,1.34,2.87,1.48,1.60,0.86,2.43,1.22,"inconsiderate",1
265,"desear",7.43,1.45,7.40,1.81,4.47,1.60,3.87,0.86,1.30,0.70,1.60,1.00,1.90,1.16,1.23,0.57,"to desire",1
266,"desenroscar",4.73,0.83,3.63,1.65,5.37,1.28,1.41,0.91,1.10,0.41,1.07,0.37,1.17,0.66,1.10,0.41,"to unscrew",2
267,"desenterrar",3.83,2.17,6.10,2.11,5.40,1.76,1.83,1.09,1.97,1.22,2.90,1.30,3.30,1.18,2.80,1.35,"to dig up",1
268,"desfavorable",2.53,1.61,5.20,2.33,3.75,1.48,1.20,0.41,2.83,1.21,3.63,1.19,3.20,1.13,2.00,1.17,"unfavorable",1
269,"desierto",4.70,1.68,5.07,2.07,5.30,1.68,2.17,1.46,1.37,0.89,2.40,1.30,2.73,1.31,1.37,0.89,"desert",3
270,"desmayo",2.40,1.57,3.97,2.34,5.28,1.53,1.03,0.18,1.53,0.97,2.67,1.18,3.60,1.22,1.50,0.86,"faint",1
271,"desobedecer",3.19,1.76,6.48,1.57,4.97,1.49,1.50,0.90,2.90,1.24,2.07,1.05,2.20,1.24,1.67,1.12,"to disobey",1
272,"desollar",2.36,1.91,5.82,2.42,5.02,1.93,1.07,0.37,2.86,1.64,3.14,1.43,3.45,1.59,3.62,1.42,"to skin",1
273,"desorden",2.93,2.03,5.97,2.14,3.90,1.65,1.47,0.90,2.77,1.41,2.00,1.14,1.50,0.94,3.07,1.20,"mess",1
274,"despachar",4.17,1.15,4.33,2.02,4.17,1.71,1.69,1.07,1.79,1.18,1.79,1.18,1.55,0.91,1.17,0.47,"to serve",1
275,"despacho",4.77,1.33,3.60,1.92,5.52,1.77,1.73,1.08,1.20,0.55,1.43,0.82,1.80,1.03,1.40,0.77,"office",1
276,"despejado",6.47,1.20,5.10,1.81,3.93,1.41,3.23,0.94,1.10,0.31,1.20,0.48,1.13,0.35,1.07,0.25,"clear",1
277,"despierto",6.37,1.54,6.07,2.10,5.07,1.73,2.93,1.31,1.31,0.60,1.28,0.84,1.14,0.35,1.14,0.58,"awake",1
278,"despistado",3.73,1.46,5.03,1.87,4.62,1.29,1.40,0.72,2.00,1.08,1.97,0.96,1.63,0.85,1.37,0.81,"absentminded",1
279,"desprecio",1.93,1.64,5.87,1.55,4.20,1.84,1.00,0.00,3.30,1.21,3.13,1.46,2.37,1.30,3.17,1.34,"disdain",1
280,"destacar",6.10,1.84,5.37,2.16,4.45,1.25,2.73,1.28,1.43,0.94,1.47,0.78,2.07,1.23,1.23,0.57,"to stand out",1
281,"desterrar",2.30,1.29,5.23,2.25,4.90,1.46,1.10,0.40,3.03,1.50,3.47,1.28,2.90,1.54,1.70,0.95,"to exile",1
282,"destrozar",2.03,1.63,6.67,1.97,4.47,1.43,1.27,0.83,4.23,1.10,3.57,1.14,3.27,1.41,2.47,1.43,"to destroy",1
283,"devastar",1.37,0.67,7.60,1.59,4.35,1.87,1.03,0.19,3.70,1.32,4.37,1.19,3.93,1.23,2.40,1.52,"to devastate",1
284,"década",4.76,1.12,3.90,1.78,5.78,1.58,1.67,0.99,1.17,0.38,1.50,0.68,1.67,1.03,1.20,0.55,"decade",1
285,"diabetes",2.10,1.35,4.70,1.78,6.38,1.29,1.17,0.65,1.57,1.04,2.70,1.21,3.10,1.32,1.30,0.70,"diabetes",1
286,"dichoso",7.17,2.07,6.10,1.88,5.01,1.52,3.80,1.42,1.30,0.84,1.30,0.84,1.30,0.70,1.13,0.43,"fortunate",1
287,"dictadura",1.50,1.33,6.37,2.24,5.67,1.24,1.03,0.18,3.77,1.45,3.77,1.61,4.07,1.41,3.37,1.67,"dictatorship",1
288,"difamar",1.85,0.86,5.33,2.09,4.64,1.51,1.14,0.36,4.11,0.96,2.68,1.28,2.39,1.17,2.93,1.25,"to defame",1
289,"dificultad",3.87,1.81,6.73,1.72,3.60,1.52,1.67,1.09,2.53,1.41,2.37,1.33,3.30,1.18,1.57,0.97,"difficulty",1
290,"diminuto",4.80,1.03,3.83,1.66,4.75,2.02,1.47,0.90,1.23,0.63,1.57,0.77,1.67,0.99,1.10,0.40,"tiny",1
291,"dinámico",6.70,1.34,6.87,1.72,3.90,1.26,3.17,1.02,1.13,0.35,1.07,0.25,1.33,0.66,1.17,0.38,"dynamic",3
292,"discreto",5.77,1.57,3.50,1.66,4.13,1.31,1.67,0.96,1.10,0.40,1.23,0.50,1.40,0.81,1.10,0.31,"discreet",3
293,"disfrutar",8.65,0.61,7.10,1.68,4.65,1.75,4.97,0.18,1.00,0.00,1.03,0.18,1.10,0.31,1.03,0.18,"to enjoy",1
294,"disparar",1.80,1.54,8.07,1.23,5.93,1.29,1.10,0.41,4.24,1.18,3.41,1.43,4.38,0.86,2.79,1.50,"to fire",1
295,"dispuesto",6.13,2.47,6.07,2.23,4.77,1.44,3.19,1.33,1.32,0.83,1.35,0.84,1.55,0.93,1.39,0.95,"ready",1
296,"disputa",2.30,1.32,7.00,2.22,4.53,1.28,1.53,0.94,3.80,1.03,3.17,1.34,2.53,1.22,2.07,1.31,"argument",1
297,"distancia",3.50,1.63,4.40,1.85,3.66,1.48,1.60,1.10,1.83,1.21,3.93,1.20,3.03,1.43,1.83,1.26,"distance",1
298,"distraído",4.03,1.27,3.37,1.83,4.80,1.54,1.40,0.86,1.53,0.94,1.47,0.90,1.37,0.89,1.13,0.43,"distracted",1
299,"divertido",8.43,0.73,7.23,1.81,4.13,1.82,4.69,0.60,1.00,0.00,1.03,0.19,1.14,0.44,1.00,0.00,"funny",3
300,"divertir",8.33,0.99,7.53,1.85,4.73,1.77,4.41,1.09,1.07,0.25,1.07,0.25,1.20,0.41,1.07,0.25,"to entertain",2
301,"doméstico",5.30,1.62,3.37,2.06,4.28,1.24,2.33,1.35,1.17,0.46,1.43,0.86,1.20,0.55,1.17,0.46,"domestic",1
302,"donar",7.87,1.06,6.00,1.37,5.07,1.40,4.43,0.77,1.07,0.25,1.47,0.78,1.60,0.93,1.17,0.46,"to donate",2
303,"dormilón",5.83,1.53,1.73,1.05,5.25,1.52,2.10,1.09,1.13,0.43,1.37,0.72,1.13,0.43,1.07,0.37,"sleepyhead",1
304,"drogadicto",2.10,1.58,6.50,2.17,5.63,1.73,1.07,0.25,2.07,1.14,4.03,1.03,3.10,1.03,2.37,1.33,"drug addict",1
305,"ducha",7.17,1.37,3.17,1.60,6.48,0.63,3.60,1.10,1.03,0.18,1.07,0.25,1.03,0.18,1.03,0.18,"shower",1
306,"duplicar",4.97,0.96,3.10,1.97,4.17,1.79,1.83,1.14,1.24,0.74,1.10,0.41,1.31,0.71,1.07,0.37,"to double",2
307,"edición",4.53,1.33,3.40,1.75,3.68,1.76,1.70,1.24,1.10,0.40,1.13,0.57,1.30,0.92,1.07,0.37,"edition",1
308,"ejecutar",4.53,2.49,7.07,1.77,4.20,1.81,1.77,1.14,2.23,1.55,2.47,1.55,2.60,1.43,2.10,1.35,"to execute",1
309,"electrocutar",1.77,1.70,6.37,2.80,5.48,1.73,1.03,0.19,3.10,1.52,3.14,1.46,4.38,1.18,2.21,1.50,"to electrocute",2
310,"elegir",5.80,2.01,5.73,1.89,3.93,1.62,2.90,1.27,1.30,0.65,1.57,0.90,2.50,1.22,1.30,0.75,"to choose",2
311,"elemento",4.63,1.33,3.43,1.94,2.37,1.69,1.53,1.01,1.37,0.81,1.37,0.76,1.53,1.14,1.40,0.89,"element",1
312,"elevado",5.27,1.46,5.63,2.03,3.78,1.73,1.97,1.33,1.43,0.94,1.23,0.63,2.33,1.35,1.17,0.65,"high",1
313,"elíptico",4.48,1.50,3.79,1.97,4.73,1.91,1.76,1.18,1.21,0.56,1.17,0.47,1.28,0.70,1.14,0.44,"elliptical",3
314,"embalar",4.93,1.33,4.79,2.26,4.91,1.76,1.52,0.95,1.24,0.51,1.52,0.87,1.31,0.76,1.17,0.47,"to box up",2
315,"embargo",1.80,0.89,5.87,2.24,5.33,1.29,1.07,0.25,3.67,1.24,4.20,1.00,3.73,1.28,2.47,1.22,"seizure",1
316,"embestir",2.57,1.72,7.27,1.91,5.25,1.41,1.13,0.43,3.10,1.40,2.07,1.31,3.43,1.19,1.60,1.13,"to charge at",1
317,"embolia",2.50,2.58,6.31,2.63,5.79,1.43,1.00,0.00,2.58,1.47,3.96,0.87,3.96,1.11,1.69,1.19,"embolism",1
318,"empaquetar",4.70,0.95,4.27,1.86,5.37,1.15,1.66,1.20,1.21,0.68,1.66,1.20,1.24,0.69,1.00,0.00,"to pack",1
319,"empatar",4.90,1.42,5.10,1.86,5.01,1.70,1.90,1.01,1.86,1.06,2.10,0.98,1.48,0.83,1.55,1.06,"to (end in a) tie",1
320,"emplear",5.40,1.52,4.90,1.94,2.93,1.60,2.67,1.42,1.20,0.66,1.50,1.11,1.60,1.04,1.13,0.51,"to use",2
321,"enaltecer",5.34,2.22,5.38,2.11,4.36,1.85,2.62,1.42,1.69,1.14,1.45,1.02,1.69,1.28,1.45,0.99,"to uplift",1
322,"enamorar",7.66,1.37,6.97,1.67,4.00,2.10,4.23,0.94,1.23,0.43,1.67,0.92,2.20,1.10,1.03,0.18,"to win sb love",2
323,"enano",3.87,1.43,4.17,2.10,4.83,1.64,1.63,0.96,1.33,0.61,2.03,1.25,1.47,0.86,1.47,0.86,"dwarf / short",3
324,"encadenado",1.42,0.67,5.74,2.16,5.50,1.41,1.07,0.25,3.90,1.16,3.90,1.12,3.83,1.12,2.67,1.42,"chained",1
325,"encantador",8.23,0.73,5.13,2.03,4.73,1.47,4.03,1.03,1.17,0.59,1.17,0.59,1.33,0.71,1.10,0.31,"charming",1
326,"encantar",8.00,1.51,7.45,1.38,4.18,1.73,4.39,0.88,1.03,0.19,1.00,0.00,1.14,0.52,1.00,0.00,"to love sth",2
327,"encontrar",6.57,1.48,5.97,1.90,4.15,2.06,3.77,0.94,1.20,0.48,1.57,1.14,1.70,1.02,1.23,0.63,"to find",2
328,"endurecer",4.69,1.34,4.93,1.65,3.75,1.52,1.57,1.10,1.53,1.01,1.53,0.86,1.70,1.24,1.50,0.82,"to harden",1
329,"energía",7.17,1.46,7.20,1.65,3.68,1.84,3.55,1.21,1.52,1.06,1.07,0.26,1.48,0.87,1.03,0.19,"energy",1
330,"enfadar",2.07,1.39,7.20,1.56,4.50,1.59,1.03,0.18,4.37,0.93,3.13,1.43,2.83,1.26,1.93,1.17,"to make angry",2
331,"enfermar",1.83,1.36,6.14,2.79,5.16,1.44,1.00,0.00,2.52,1.33,3.97,1.18,3.90,1.32,2.00,1.28,"to make ill",1
332,"enfriamiento",3.37,1.33,5.50,2.03,4.53,1.31,1.33,0.66,1.60,1.00,2.87,1.38,2.27,1.11,1.40,0.67,"cooling",1
333,"enfurecer",2.20,1.94,7.23,2.27,5.13,1.64,1.10,0.31,4.40,0.89,3.00,1.36,3.27,1.11,2.00,1.11,"to infuriate",2
334,"engañado",1.90,1.65,5.93,2.52,4.83,1.80,1.17,0.46,3.97,1.19,4.20,0.89,3.00,1.41,3.13,1.38,"deceived",1
335,"engañar",1.67,1.45,6.33,1.60,4.57,1.58,1.03,0.18,3.90,1.18,3.93,1.26,2.73,1.34,3.07,1.48,"to deceive",2
336,"engatusar",4.20,1.88,5.10,1.90,3.70,1.28,1.76,1.12,2.41,1.12,1.76,0.95,1.97,1.09,2.10,1.11,"to cajole",1
337,"engordar",2.80,1.73,5.63,1.94,5.37,1.52,1.33,0.71,2.97,1.43,3.20,1.47,2.80,1.37,2.48,1.35,"to gain weight",1
338,"engrosar",4.41,0.93,3.67,1.78,3.28,1.46,1.56,0.85,1.33,0.68,1.30,0.67,1.33,0.78,1.44,0.80,"to increase",2
339,"enojo",1.97,1.27,7.03,1.61,4.34,1.51,1.00,0.00,4.14,1.19,2.90,1.23,2.47,1.41,1.93,1.31,"annoyance",1
340,"enriquecedor",8.00,1.02,5.70,1.74,3.78,1.59,4.47,0.63,1.07,0.25,1.03,0.18,1.30,0.79,1.03,0.18,"enriching",1
341,"enriquecer",7.13,1.68,5.77,2.08,4.50,1.37,4.00,1.03,1.35,0.88,1.26,0.82,1.71,1.04,1.39,0.88,"enrich",1
342,"enroscar",4.67,0.80,3.70,1.86,5.35,1.25,1.07,0.26,1.00,0.00,1.07,0.37,1.10,0.56,1.10,0.56,"to screw",2
343,"ensueño",6.90,1.59,4.00,2.17,3.38,1.79,3.83,1.17,1.21,0.62,1.55,1.02,1.55,0.95,1.07,0.37,"daydream",1
344,"entender",7.27,1.76,5.97,1.75,3.68,1.82,3.55,1.27,1.17,0.60,1.41,0.82,1.48,0.87,1.10,0.56,"to understand",1
345,"entero",5.30,1.56,3.57,1.81,3.61,1.88,1.93,1.39,1.07,0.37,1.13,0.51,1.10,0.40,1.07,0.37,"whole",3
346,"enterrar",3.47,2.60,5.70,2.26,5.20,1.71,1.23,0.57,2.13,1.17,3.73,1.48,3.37,1.40,2.03,1.13,"to bury",1
347,"entusiasmado",7.70,1.66,6.90,2.31,5.18,1.26,4.42,0.85,1.19,0.79,1.26,1.00,1.48,0.96,1.16,0.73,"enthusiastic",1
348,"entusiasmar",7.85,1.23,7.21,1.55,4.72,1.33,4.70,0.53,1.17,0.59,1.17,0.59,1.20,0.48,1.03,0.18,"to excite",2
349,"envenenar",1.60,1.54,6.80,1.92,5.40,1.41,1.17,0.53,3.77,1.36,3.23,1.28,4.17,1.05,3.13,1.38,"to poison",1
350,"enviar",5.17,1.44,4.07,1.86,3.84,1.79,2.47,1.38,1.30,0.70,1.47,0.82,1.63,1.03,1.23,0.68,"to send",2
351,"envidioso",1.83,0.75,5.47,2.03,5.37,1.66,1.11,0.32,3.26,1.02,2.41,1.15,2.07,1.27,3.30,1.46,"envious",3
352,"eructo",3.40,2.24,5.20,2.52,6.08,1.21,1.47,0.90,2.00,0.98,1.47,0.82,1.37,0.85,3.87,1.46,"burp",1
353,"esbozar",5.25,1.94,4.36,2.08,3.52,1.73,2.00,1.22,1.11,0.31,1.25,0.52,1.18,0.48,1.18,0.61,"to sketch",1
354,"escalera",4.73,1.78,5.03,2.59,5.60,1.93,1.53,1.07,1.37,0.76,1.17,0.65,1.70,0.99,1.17,0.53,"stairs",1
355,"esclavizar",1.53,1.48,6.70,1.70,5.20,1.39,1.00,0.00,4.33,0.96,4.30,1.24,3.40,1.43,3.63,1.45,"to enslave",1
356,"escupir",1.97,1.22,6.19,1.99,6.13,1.13,1.03,0.18,2.90,1.58,1.53,0.86,1.43,0.82,4.47,1.01,"to spit",1
357,"escurridizo",4.30,1.51,5.93,1.91,5.05,1.87,1.70,1.12,1.43,0.77,1.30,0.65,1.80,1.19,1.83,0.91,"slippery",1
358,"espacial",5.67,1.54,4.13,2.08,2.82,1.58,2.28,1.39,1.10,0.41,1.17,0.47,2.17,1.23,1.00,0.00,"spatial",1
359,"espantar",3.23,1.79,5.87,2.03,4.35,1.22,1.07,0.25,2.40,1.19,1.57,0.90,2.77,1.36,1.90,1.24,"to scare away",1
360,"espeso",4.38,1.12,3.45,1.70,4.52,1.55,1.23,0.50,1.27,0.69,1.50,0.86,1.43,0.73,2.20,1.32,"dense",3
361,"espléndido",7.70,1.70,5.40,2.46,4.10,1.77,4.13,1.07,1.10,0.31,1.30,0.79,1.17,0.46,1.03,0.18,"magnificent",1
362,"espontáneo",6.90,1.40,6.13,1.96,4.77,1.47,3.63,0.93,1.50,0.86,1.37,0.93,1.80,1.03,1.23,0.57,"spontaneous",3
363,"esquematizar",5.50,1.22,4.07,1.74,5.07,1.46,1.52,0.78,1.07,0.37,1.10,0.31,1.14,0.35,1.07,0.37,"to outline",2
364,"esquilar",4.80,1.10,4.37,1.81,6.00,1.03,1.45,0.83,1.17,0.60,1.52,1.02,1.34,0.94,1.38,0.73,"to shear",2
365,"estabilidad",7.10,1.75,4.33,2.44,4.88,1.69,3.57,1.28,1.03,0.18,1.43,0.82,1.60,0.89,1.13,0.43,"stability",1
366,"estable",6.67,1.45,4.90,2.01,4.30,1.31,2.97,1.22,1.30,0.75,1.40,0.89,1.37,0.72,1.30,0.88,"stable",1
367,"estacionar",5.07,0.94,4.30,1.84,5.18,1.32,1.79,1.26,1.31,0.97,1.17,0.76,1.38,1.05,1.10,0.56,"to park",1
368,"estación",5.10,1.03,5.07,1.53,5.07,1.49,2.21,1.21,1.07,0.37,1.90,1.26,1.24,0.44,1.03,0.19,"station",1
369,"estafa",1.57,1.52,6.27,2.13,5.22,1.30,1.00,0.00,4.40,0.97,3.37,1.40,3.03,1.30,3.67,1.58,"scam",1
370,"estallar",3.00,1.93,7.55,1.88,4.80,1.86,1.48,0.95,3.17,1.42,2.72,1.46,3.03,1.52,1.90,1.40,"to burst",1
371,"esterilidad",2.37,1.50,5.50,2.13,5.33,1.49,1.13,0.51,2.20,1.24,3.43,1.33,2.87,1.48,1.30,0.70,"infertility",1
372,"estrangular",1.23,0.43,7.87,1.57,6.20,0.88,1.03,0.19,4.32,1.09,3.39,1.52,4.32,1.09,3.21,1.54,"to strangle",1
373,"estrecho",4.17,1.60,4.63,1.90,4.80,1.65,1.10,0.40,1.40,0.67,1.57,1.04,2.07,1.26,1.23,0.50,"narrow",3
374,"estricto",3.50,1.68,6.00,1.84,4.35,1.42,1.47,0.63,2.77,1.33,2.07,1.17,2.77,0.97,1.90,1.12,"strict",1
375,"estudiar",6.20,1.75,6.00,2.05,4.88,1.37,2.59,1.35,1.38,0.86,1.83,1.00,1.93,1.16,1.41,0.87,"to study",2
376,"estudioso",6.37,2.01,4.97,2.30,5.68,1.20,2.80,1.40,1.37,0.72,1.70,0.99,1.70,1.18,1.20,0.48,"studious",1
377,"euforia",7.97,1.50,7.83,1.69,5.30,1.74,4.47,0.78,1.47,0.78,1.07,0.25,1.43,0.82,1.07,0.25,"euphoria",1
378,"exagerar",3.94,1.57,5.45,1.79,4.56,1.60,1.53,0.94,2.00,1.02,1.53,0.82,1.47,0.82,1.53,0.82,"exaggerate",1
379,"excitar",7.48,1.03,8.29,0.90,4.65,1.42,4.20,0.92,1.53,1.11,1.40,1.07,1.53,1.07,1.27,0.64,"to excite",2
380,"excursión",7.27,1.55,6.73,1.93,4.88,1.63,4.13,0.97,1.00,0.00,1.00,0.00,1.48,0.57,1.03,0.18,"trip",1
381,"exitoso",7.97,1.30,6.66,1.59,5.05,1.49,4.40,1.00,1.20,0.55,1.17,0.59,1.80,1.03,1.23,0.57,"successful",3
382,"explicar",6.57,1.59,5.73,1.74,4.68,1.53,2.67,1.18,1.23,0.63,1.20,0.76,1.47,0.78,1.20,0.66,"to explain",2
383,"explosión",2.23,1.38,8.23,1.01,5.10,1.61,1.57,1.07,3.23,1.41,3.07,1.28,4.30,1.09,2.07,1.41,"explosion",1
384,"explosivo",2.45,1.38,7.73,1.20,4.98,1.64,1.53,0.78,3.03,1.38,2.55,1.48,3.93,1.14,2.24,1.38,"explosive",1
385,"expresar",6.37,1.67,5.93,1.98,4.65,1.77,3.43,1.19,1.63,1.19,1.77,1.17,2.23,1.30,1.70,1.15,"to express",1
386,"extenso",5.30,1.47,4.87,1.85,3.98,1.86,2.00,1.24,1.45,0.99,1.68,1.11,1.77,1.23,1.42,0.96,"wide",3
387,"exterminar",2.00,1.46,6.00,2.68,5.25,1.20,1.23,0.63,3.13,1.48,3.43,1.41,3.63,1.22,2.93,1.51,"to exterminate",1
388,"externalizar",4.86,1.74,4.71,1.67,4.03,1.73,2.21,1.29,1.71,1.24,1.82,1.22,2.14,1.27,1.64,1.19,"to outsource",0
389,"fallecer",1.47,1.17,5.77,3.07,5.88,1.43,1.00,0.00,3.13,1.50,4.70,0.65,4.07,1.26,1.80,1.13,"to pass away",1
390,"falsear",2.16,1.13,5.42,2.00,4.14,1.65,1.03,0.18,3.37,1.30,2.87,1.25,2.17,1.12,2.57,1.36,"to falsify",1
391,"fantasma",3.03,1.35,6.30,2.26,4.10,1.97,1.07,0.26,1.38,0.68,1.83,1.12,4.20,0.92,1.24,0.44,"ghost",1
392,"fantástico",8.33,1.21,6.63,2.01,3.27,1.80,4.45,0.95,1.00,0.00,1.03,0.19,1.21,0.49,1.00,0.00,"fantastic",3
393,"farsa",1.69,0.97,6.60,1.48,3.75,1.53,1.14,0.44,3.86,1.30,3.52,1.40,2.31,1.14,3.07,1.51,"sham",1
394,"favorito",7.77,1.28,6.67,1.92,3.98,1.67,3.83,1.12,1.30,0.53,1.27,0.64,1.23,0.43,1.23,0.57,"favorite",3
395,"fe",5.03,2.04,4.24,2.25,2.78,1.94,2.77,1.33,1.20,0.48,1.43,0.73,1.93,1.17,1.17,0.53,"faith",1
396,"fecha",5.13,1.50,4.87,2.06,4.70,1.97,2.30,1.26,1.60,0.89,1.93,0.98,1.90,1.03,1.23,0.57,"date",1
397,"fecundo",6.07,2.07,4.56,2.41,3.95,1.86,3.04,1.61,1.35,0.94,1.58,1.14,1.69,1.09,1.35,0.75,"fertile",3
398,"felicidad",8.17,1.78,6.13,2.81,4.08,2.10,4.93,0.25,1.07,0.25,1.07,0.37,1.07,0.25,1.00,0.00,"happiness",1
399,"felicitar",8.03,0.93,6.33,1.54,4.55,1.65,4.57,0.63,1.10,0.31,1.07,0.25,1.17,0.59,1.13,0.35,"to congratulate",1
400,"ferrocarril",5.37,0.96,5.17,1.62,6.40,1.03,2.00,1.28,1.00,0.00,1.34,0.77,1.45,0.78,1.00,0.00,"railway",1
401,"festejar",8.34,1.12,7.90,1.60,5.25,1.25,4.79,0.49,1.14,0.35,1.17,0.54,1.38,0.82,1.17,0.54,"to celebrate",1
402,"fiel",7.90,1.79,5.03,2.09,5.35,1.43,3.93,1.20,1.27,0.91,1.33,0.92,1.63,1.10,1.17,0.53,"faithful",1
403,"fiesta",8.30,0.84,7.63,1.52,5.15,1.35,4.69,0.47,1.07,0.26,1.14,0.35,1.28,0.53,1.07,0.26,"party",1
404,"figura",4.97,0.96,3.93,1.74,2.95,1.67,1.67,0.76,1.33,0.66,1.40,0.67,1.50,0.73,1.23,0.50,"figure",1
405,"figurar",5.11,1.52,4.39,2.23,3.47,1.70,1.48,0.95,1.38,0.86,1.21,0.50,1.34,0.61,1.21,0.49,"to figure",1
406,"filosofía",5.90,1.88,3.47,2.27,3.42,1.78,2.47,1.41,1.23,0.63,1.50,1.04,1.43,0.68,1.33,0.80,"philosophy",1
407,"fino",5.00,1.26,3.30,1.86,3.83,1.82,1.70,0.99,1.17,0.38,1.27,0.58,1.13,0.35,1.23,0.50,"fine",3
408,"firme",5.17,1.49,5.00,1.76,4.40,1.21,2.17,1.29,1.37,0.72,1.47,0.73,1.80,1.03,1.43,0.94,"firm",1
409,"flirtear",7.03,1.32,7.03,1.50,4.96,1.43,3.69,1.04,1.21,0.68,1.21,0.49,1.62,0.90,1.28,0.59,"to flirt",1
410,"forma",4.40,1.52,3.47,1.85,2.60,1.75,1.73,1.20,1.47,1.04,1.50,0.97,1.53,1.01,1.50,1.04,"shape",1
411,"formal",5.33,1.69,3.23,2.13,3.87,1.66,2.07,1.11,1.17,0.53,1.50,1.01,1.40,0.81,1.20,0.61,"formal",1
412,"fortaleza",7.37,1.38,6.30,1.91,4.13,1.46,3.17,1.21,1.63,0.96,1.20,0.48,1.67,0.99,1.23,0.68,"fortress",1
413,"fortuna",7.70,1.06,6.37,2.30,4.43,1.66,4.43,0.73,1.17,0.47,1.14,0.44,1.30,0.60,1.24,0.83,"fortune",1
414,"fotografía",7.27,1.81,5.80,1.89,5.82,1.53,3.47,1.22,1.70,1.06,2.20,1.27,1.70,1.06,1.50,0.86,"photography",1
415,"fracasado",1.39,0.56,4.74,2.34,4.68,1.52,1.00,0.00,2.87,1.20,4.43,0.73,3.13,1.33,1.77,0.97,"loser",1
416,"frase",4.47,1.41,3.77,2.01,4.58,2.24,1.77,1.14,1.40,0.77,1.57,1.04,1.50,0.94,1.37,0.81,"sentence",1
417,"fraternidad",7.80,1.16,4.60,2.31,4.62,1.72,4.07,1.08,1.07,0.25,1.10,0.31,1.10,0.31,1.03,0.18,"fraternity",1
418,"fresco",6.10,1.67,3.93,2.16,4.02,1.61,3.00,1.34,1.23,0.57,1.23,0.50,1.13,0.43,1.13,0.43,"fresh",3
419,"frondoso",5.47,1.74,4.20,1.94,4.55,1.62,2.40,1.40,1.17,0.59,1.23,0.68,1.93,1.17,1.37,0.89,"lush",3
420,"funeraria",2.30,1.62,4.43,2.85,5.97,1.21,1.07,0.37,1.97,1.19,4.47,0.86,2.67,1.42,1.87,1.01,"funeral parlor",1
421,"furia",2.13,1.46,7.80,1.52,5.28,1.79,1.03,0.18,4.33,0.96,2.77,1.36,3.00,1.17,2.53,1.20,"fury",1
422,"fusilar",1.20,0.76,8.10,1.40,6.45,0.71,1.03,0.19,4.52,0.74,4.59,1.02,4.66,0.67,3.66,1.61,"to shoot",1
423,"ganador",7.70,1.34,6.63,1.81,5.07,1.56,4.43,0.77,1.07,0.25,1.17,0.38,1.30,0.65,1.13,0.35,"winner",1
424,"garganta",4.80,1.71,3.57,2.21,6.27,1.32,1.43,0.97,1.43,0.94,1.33,0.76,1.87,1.17,1.97,1.07,"throat",1
425,"gasto",3.60,1.87,5.43,1.81,4.38,1.61,1.50,0.86,2.00,1.14,2.43,1.14,2.43,1.33,1.70,1.15,"expense",1
426,"generador",4.70,1.39,4.90,2.29,5.04,1.68,1.57,0.86,1.33,0.71,1.30,0.65,1.40,0.72,1.27,0.64,"generator",1
427,"genuino",6.70,2.00,5.56,2.10,4.08,1.59,3.41,1.12,1.11,0.32,1.22,0.42,1.26,0.53,1.15,0.46,"genuine",1
428,"giratorio",4.73,1.23,6.00,2.42,4.00,1.89,1.71,1.01,1.29,0.69,1.10,0.30,1.81,1.05,1.19,0.54,"revolving",1
429,"giro",4.77,1.48,4.53,2.30,4.30,1.68,1.80,1.03,1.17,0.53,1.23,0.57,1.63,1.10,1.27,0.64,"turn",3
430,"golpear",2.63,1.83,7.20,2.02,5.22,1.48,1.07,0.37,4.13,0.97,2.87,1.28,3.30,1.21,2.53,1.41,"to hit",1
431,"gordura",3.00,1.46,4.33,2.34,5.28,1.52,1.30,0.70,1.93,1.36,2.57,1.43,2.13,1.33,2.13,1.28,"fatness",1
432,"gozoso",8.30,0.84,7.00,1.66,4.55,1.46,4.50,0.78,1.07,0.25,1.10,0.31,1.30,0.65,1.00,0.00,"joyful",1
433,"gracia",7.27,1.51,5.80,1.94,3.90,1.80,4.20,0.71,1.20,0.61,1.07,0.37,1.00,0.00,1.13,0.43,"flair",1
434,"grandioso",7.07,1.64,5.87,1.80,3.10,1.22,3.87,1.07,1.07,0.25,1.13,0.35,1.83,1.21,1.03,0.18,"grandiose",1
435,"grasa",2.67,1.27,5.13,1.78,5.45,1.40,1.10,0.31,1.79,1.01,1.77,1.01,1.70,0.99,3.20,1.27,"grease",1
436,"gratis",7.67,1.40,6.23,2.28,5.33,1.51,4.33,0.80,1.13,0.35,1.07,0.25,1.20,0.48,1.07,0.25,"free",1
437,"gráfico",4.48,1.35,3.76,1.92,4.70,1.79,1.40,0.72,1.17,0.53,1.27,0.64,1.37,0.72,1.27,0.64,"graphic",3
438,"grueso",4.21,1.54,3.86,1.68,3.59,1.58,1.30,0.70,1.37,0.81,1.47,0.86,1.50,0.86,1.53,0.90,"thick",3
439,"gustar",8.33,0.71,6.60,1.67,3.70,1.83,4.43,0.73,1.20,0.55,1.17,0.46,1.60,0.86,1.17,0.46,"to like",2
440,"hacienda",3.60,1.69,5.70,1.88,5.50,1.50,1.45,0.93,2.94,1.44,2.58,1.36,2.94,1.29,2.68,1.42,"tax office",1
441,"hacinamiento",3.00,2.13,6.54,2.38,4.59,1.79,1.50,0.88,3.42,1.25,3.38,1.38,3.08,1.32,3.38,1.41,"overcrowding",1
442,"halagador",7.07,1.95,6.47,1.63,4.28,1.78,3.83,0.80,1.10,0.31,1.13,0.43,1.24,0.51,1.30,0.79,"flattering",1
443,"hallar",6.41,1.59,5.47,2.50,3.50,1.86,3.34,1.45,1.21,0.56,1.31,0.60,1.53,0.90,1.31,0.66,"to discover",1
444,"hambre",2.83,1.91,6.59,1.94,5.25,1.63,1.23,0.57,3.07,1.44,3.40,1.45,2.63,1.40,1.87,1.22,"hunger",1
445,"hecho",4.97,2.14,4.30,2.10,2.90,1.98,2.40,1.48,1.47,0.86,1.40,0.86,1.57,0.94,1.40,0.77,"fact",3
446,"helado",6.37,2.13,4.97,2.04,4.98,1.59,3.23,1.50,1.07,0.25,1.40,0.81,1.33,0.66,1.13,0.57,"ice cream",3
447,"herir",1.83,1.26,7.10,2.02,5.33,1.29,1.17,0.60,3.86,1.25,3.97,1.15,3.79,1.15,2.72,1.49,"to wound",2
448,"hidromasaje",7.90,1.32,3.27,2.43,6.23,1.28,4.24,0.83,1.00,0.00,1.10,0.41,1.03,0.19,1.10,0.31,"jacuzzi",1
449,"hinchado",3.87,1.66,4.53,2.10,3.95,1.79,1.43,0.90,1.63,0.93,1.63,0.96,1.93,1.23,2.27,1.11,"swelled",3
450,"holgado",4.89,1.50,2.96,1.69,4.22,1.58,1.67,1.07,1.22,0.58,1.37,0.79,1.44,0.85,1.30,0.67,"loose",1
451,"hondo",4.23,1.22,5.20,1.86,4.38,1.54,1.33,0.61,1.43,0.90,2.13,0.90,3.33,1.37,1.33,0.66,"deep",3
452,"honrado",8.20,1.13,5.00,2.17,4.73,1.99,4.10,1.18,1.00,0.00,1.14,0.35,1.07,0.26,1.07,0.26,"honest",1
453,"horroroso",1.50,1.04,5.93,2.64,3.30,1.65,1.07,0.37,2.37,1.43,2.00,1.17,3.27,1.44,3.10,1.40,"dreadful",1
454,"hueco",4.23,1.22,3.77,1.98,4.15,1.39,1.57,0.86,1.60,1.10,1.60,0.93,2.20,1.19,1.70,0.88,"gap",3
455,"huérfano",1.70,1.09,5.00,2.10,6.10,1.28,1.03,0.18,2.07,1.46,4.31,0.76,2.93,1.68,1.23,0.57,"orphan",3
456,"humanitario",8.00,1.14,6.37,1.79,3.98,1.67,4.03,1.07,1.13,0.43,1.67,1.06,1.37,0.81,1.03,0.18,"humanitarian",3
457,"humedecer",5.47,1.28,4.67,1.92,5.15,1.21,1.93,1.28,1.21,0.77,1.17,0.47,1.24,0.69,1.17,0.47,"moisten",2
458,"humildad",7.03,1.92,4.70,2.35,4.68,1.55,3.40,1.33,1.23,0.57,1.60,1.00,1.37,0.67,1.13,0.35,"humbleness",1
459,"humillación",1.50,1.66,6.43,2.58,5.07,1.62,1.00,0.00,4.10,1.03,4.43,0.73,3.60,1.30,3.50,1.46,"humiliation",1
460,"huracán",1.73,1.05,7.93,1.41,6.38,0.71,1.07,0.25,2.73,1.36,3.47,1.31,4.53,0.68,1.47,0.82,"hurricane",1
461,"húmedo",4.63,1.43,4.17,1.82,4.68,1.30,1.63,0.96,1.17,0.46,1.70,1.21,1.63,0.96,2.53,1.20,"moist",1
462,"ideal",7.33,1.99,5.50,2.08,3.20,2.02,4.13,1.07,1.33,0.76,1.33,0.88,1.40,0.81,1.20,0.66,"ideal",1
463,"igual",4.70,1.37,3.93,1.62,2.80,1.40,2.23,0.97,1.50,0.78,1.67,0.88,1.53,0.78,1.43,0.77,"equal",1
464,"igualar",5.69,1.56,5.28,1.75,4.05,1.64,1.93,1.07,1.41,0.73,1.48,0.69,1.38,0.68,1.24,0.58,"equalise",1
465,"ilusionado",7.97,1.13,6.53,2.26,4.92,1.64,4.40,0.72,1.07,0.37,1.23,0.68,1.60,0.93,1.13,0.57,"thilled",1
466,"ilusionar",7.27,2.02,7.13,1.61,4.90,1.46,4.40,0.93,1.27,0.78,1.30,0.84,2.03,1.33,1.13,0.43,"to excite",2
467,"ilusión",8.27,1.08,7.03,1.75,4.00,1.68,4.47,0.68,1.20,0.66,1.13,0.51,1.53,1.04,1.13,0.43,"hope",1
468,"imaginación",7.67,1.88,6.67,1.95,4.15,1.94,4.20,0.96,1.37,0.81,1.53,1.04,1.83,1.23,1.10,0.31,"imagination",1
469,"impaciencia",3.10,1.77,7.13,1.48,4.77,1.63,1.27,0.83,2.97,1.35,1.77,1.04,2.13,1.28,1.50,0.68,"impatience",1
470,"implantar",4.31,1.34,5.17,1.93,4.16,1.70,1.52,0.87,1.79,1.24,1.38,0.78,2.07,1.13,1.66,1.08,"to implant",1
471,"imponer",2.40,1.69,6.47,1.80,4.45,1.62,1.10,0.31,3.57,1.30,2.97,1.38,2.70,1.29,2.63,1.47,"to impose",1
472,"imposibilidad",2.30,1.42,5.17,2.21,3.78,1.55,1.20,0.48,3.13,1.31,3.70,1.06,3.30,1.32,1.93,1.23,"impossibility",1
473,"imprimir",4.62,1.66,3.83,2.05,5.55,1.54,1.41,0.78,1.21,0.49,1.21,0.56,1.17,0.47,1.14,0.44,"to print",2
474,"imprudente",2.37,1.65,6.07,2.05,4.77,1.40,1.40,0.89,2.67,1.30,2.27,1.26,3.57,1.14,2.00,1.26,"imrpudent",1
475,"impuesto",2.27,1.57,5.40,2.01,4.73,1.75,1.17,0.46,3.17,1.26,2.67,1.32,2.53,1.41,2.90,1.47,"tax",1
476,"incapaz",2.23,1.59,5.03,2.47,4.83,1.34,1.03,0.18,3.30,1.21,3.43,1.33,2.80,1.45,1.67,1.18,"incapable",1
477,"incendiar",1.77,0.73,7.53,1.48,6.00,0.93,1.00,0.00,3.69,1.31,3.86,1.22,4.31,0.71,2.14,1.38,"to set fire",1
478,"inconsciente",3.73,1.82,3.93,2.26,4.23,1.74,1.33,0.66,1.90,1.16,2.27,1.31,2.63,1.30,1.63,1.07,"unconscious",1
479,"increpar",1.95,0.90,6.27,1.70,4.41,1.55,1.09,0.29,3.52,1.53,2.22,1.31,2.43,1.16,2.04,1.40,"to tell off",2
480,"inculto",1.90,0.99,4.40,2.01,4.25,1.89,1.07,0.26,1.97,1.21,3.24,1.21,1.97,1.38,1.66,0.90,"uneducated",3
481,"incurable",1.57,1.52,4.67,2.71,4.88,1.45,1.13,0.57,3.20,1.35,4.40,0.86,4.40,0.77,2.27,1.46,"incurable",1
482,"infancia",7.47,1.20,6.60,1.73,4.58,1.64,4.40,0.77,1.20,0.41,1.53,0.73,1.43,0.77,1.00,0.00,"childhood",1
483,"infarto",1.90,2.20,7.00,2.20,6.35,0.92,1.00,0.00,1.77,0.94,3.37,1.52,4.47,0.86,1.33,0.71,"heart attack",1
484,"infectar",1.48,0.63,6.06,2.00,5.16,1.43,1.03,0.18,2.30,1.37,2.80,1.24,3.90,1.18,3.70,1.15,"to infect",1
485,"infidelidad",2.30,2.42,7.30,2.02,5.60,1.45,1.00,0.00,3.97,1.13,4.37,0.76,3.17,1.42,3.30,1.42,"infidelity",1
486,"injuria",2.07,1.88,5.89,2.01,4.11,1.61,1.07,0.27,3.96,1.19,2.96,1.37,2.19,1.30,2.81,1.42,"insult",1
487,"injuriar",2.29,1.78,6.57,1.79,4.62,1.52,1.04,0.19,3.71,1.12,3.00,1.05,2.64,1.25,2.43,1.29,"to insult",1
488,"injusticia",1.33,0.61,6.57,2.19,5.00,1.97,1.03,0.18,4.17,0.99,3.83,1.05,2.93,1.01,3.17,1.32,"injustice",1
489,"inquietar",3.67,1.65,7.07,1.80,4.05,1.23,1.63,0.89,2.03,1.10,2.27,1.01,3.10,1.45,1.70,1.06,"to worry",1
490,"inscribir",4.69,1.44,4.83,2.24,4.41,1.70,1.66,0.90,1.24,0.58,1.28,0.59,1.59,0.98,1.14,0.44,"to record",1
491,"insensato",3.20,1.75,5.00,2.02,4.40,1.40,1.33,0.48,2.63,1.16,2.53,0.94,2.50,1.20,1.83,1.05,"foolish",1
492,"inspeccionar",4.76,1.77,6.00,1.98,4.62,1.13,1.34,0.61,1.48,1.02,1.48,0.95,1.90,1.21,1.28,0.59,"to examine",1
493,"instaurar",4.93,0.98,3.70,1.80,4.38,1.42,1.69,0.85,1.34,0.90,1.45,0.87,1.52,0.87,1.24,0.64,"to establish",1
494,"insuficiente",1.77,1.56,5.60,2.63,4.50,1.77,1.03,0.18,3.00,1.36,3.57,1.25,2.57,1.57,1.57,1.07,"unsatisfactory",1
495,"insultado",2.03,1.67,6.73,1.89,4.65,1.62,1.10,0.31,4.17,0.83,3.60,1.40,2.20,1.24,2.80,1.49,"insulted / offended",1
496,"inteligente",7.70,1.26,5.23,2.03,3.98,1.97,3.67,0.88,1.03,0.18,1.07,0.25,1.30,0.60,1.07,0.25,"intelligent",1
497,"interferir",4.19,1.56,4.52,2.03,3.59,1.52,1.47,0.94,2.63,1.38,1.77,1.10,1.73,1.08,1.57,1.01,"to interfere",1
498,"intimidar",2.97,2.04,6.97,1.97,5.03,1.40,1.10,0.40,3.17,1.23,2.67,1.18,3.43,1.14,2.13,1.28,"to intimidate",1
499,"inventar",6.83,2.07,6.33,1.70,4.45,1.27,3.50,1.46,1.43,0.97,1.13,0.57,1.70,0.88,1.10,0.55,"to invent",1
500,"invicto",5.96,2.54,6.65,1.85,5.01,1.49,3.35,1.60,1.69,1.09,1.38,0.94,1.81,1.20,1.42,0.86,"undefeated",1
501,"ira",2.30,1.56,7.30,1.66,3.95,2.03,1.10,0.40,4.53,1.01,2.63,1.38,2.77,1.52,2.10,1.12,"rage",1
502,"irrespetuoso",2.07,0.98,6.10,1.81,4.58,1.76,1.07,0.25,3.50,1.01,2.40,1.43,1.60,1.00,2.63,1.40,"disrespectful",3
503,"íntegro",6.27,1.95,4.80,2.06,4.05,1.97,3.10,1.35,1.17,0.46,1.20,0.55,1.13,0.43,1.13,0.43,"upright",3
504,"jabón",6.20,1.49,3.03,1.81,6.48,0.84,2.07,1.20,1.07,0.25,1.10,0.31,1.07,0.25,1.23,0.68,"soap",1
505,"jeringuilla",3.20,1.77,5.93,2.27,6.38,1.32,1.30,0.70,1.47,0.82,2.10,1.30,3.33,1.37,2.87,1.36,"syringe",1
506,"jugar",7.90,1.35,7.40,1.45,4.65,1.55,4.43,0.82,1.30,0.88,1.23,0.68,1.30,0.65,1.23,0.57,"to play",2
507,"justo",7.47,1.68,4.87,1.72,3.57,1.79,3.60,1.30,1.67,1.15,1.43,0.86,1.57,1.01,1.20,0.61,"fair",3
508,"labrador",5.80,1.79,4.93,2.53,5.20,1.69,2.67,1.35,1.33,0.88,1.47,1.01,1.70,1.15,1.50,1.07,"farmer",1
509,"lamentar",2.06,1.34,5.16,2.13,4.61,1.42,1.03,0.18,2.60,1.28,4.50,0.68,2.57,1.19,1.53,0.97,"to regret",2
510,"lanzar",4.83,0.95,5.70,1.74,4.47,1.81,2.20,0.44,2.17,0.33,1.30,0.34,1.93,0.32,1.33,0.40,"to throw",2
511,"lapidar",1.63,1.27,6.30,2.65,4.98,1.58,1.03,0.18,3.90,1.18,4.10,1.27,4.07,1.05,3.07,1.62,"to stone",1
512,"lastimar",2.28,1.87,6.34,1.86,4.88,1.46,1.03,0.19,3.17,1.54,4.17,1.04,3.38,1.35,2.28,1.41,"to harm",1
513,"lápiz",5.03,1.22,3.27,1.78,6.33,1.19,1.93,1.31,1.13,0.43,1.13,0.43,1.13,0.43,1.07,0.37,"pencil",1
514,"lealtad",7.57,1.94,5.13,2.47,4.95,1.74,4.03,1.02,1.29,0.94,1.16,0.73,1.84,1.13,1.13,0.72,"loyalty",1
515,"lectura",7.73,1.55,4.53,2.53,4.70,1.93,3.97,1.16,1.40,1.07,2.30,1.56,1.80,1.37,1.47,1.14,"reading",1
516,"leer",7.37,1.90,4.00,2.38,5.13,1.79,3.79,1.08,1.27,0.83,1.53,1.04,1.57,1.25,1.20,0.81,"to read",2
517,"legítimo",5.27,1.55,3.67,1.63,3.72,1.56,2.00,1.14,1.17,0.46,1.30,0.60,1.40,0.67,1.30,0.70,"legitimate",3
518,"lerdo",2.76,1.41,3.90,2.26,5.06,1.70,1.17,0.47,1.93,0.92,2.34,1.23,1.31,0.76,1.83,1.20,"dumb",1
519,"lesionar",1.73,1.34,6.23,1.81,5.03,1.41,1.03,0.18,3.00,1.34,3.33,1.15,3.70,0.95,1.63,0.96,"to injure",1
520,"ligar",7.23,1.48,7.23,1.22,5.00,1.30,3.83,0.99,1.37,0.61,1.13,0.35,1.87,1.01,1.50,0.86,"to make out with",1
521,"ligue",7.10,1.45,6.57,2.05,4.58,1.61,3.93,1.11,1.23,0.57,1.33,0.76,1.73,1.08,1.47,0.94,"fling",1
522,"limpio",7.80,1.32,4.72,2.00,5.25,1.57,4.17,0.87,1.00,0.00,1.03,0.19,1.03,0.19,1.17,0.65,"clean",3
523,"linchar",2.03,1.66,7.41,1.50,4.83,1.55,1.19,0.79,3.97,1.11,3.39,1.36,3.55,1.23,3.16,1.55,"to lynch",1
524,"lindo",7.70,1.56,4.80,2.06,4.20,1.46,4.23,0.97,1.03,0.18,1.07,0.25,1.03,0.18,1.13,0.73,"cute",3
525,"linea",4.57,0.97,3.77,2.03,4.40,1.82,1.40,0.77,1.37,0.85,1.37,0.76,1.43,0.82,1.27,0.69,"line",1
526,"listo",7.40,1.30,5.37,2.37,4.47,1.77,3.40,1.10,1.27,0.64,1.20,0.81,1.47,0.97,1.20,0.48,"smart / ready",3
527,"liviano",5.86,1.27,3.46,1.55,3.78,1.97,2.21,0.92,1.07,0.26,1.36,0.95,1.18,0.39,1.11,0.42,"light",3
528,"llamar",5.71,1.24,5.13,2.13,5.19,1.67,3.00,1.29,1.40,0.93,1.47,0.82,1.63,1.00,1.10,0.40,"to call",2
529,"llanto",2.97,1.67,6.87,2.11,5.63,1.28,1.73,1.14,2.37,1.35,4.20,0.89,2.70,1.42,1.40,0.77,"cry",1
530,"locuaz",6.24,1.71,6.16,1.93,4.51,1.58,3.04,1.14,1.32,0.75,1.20,0.50,1.28,0.68,1.28,0.61,"talkative",1
531,"locura",3.53,2.29,6.83,1.90,4.47,1.69,1.73,1.05,2.27,1.26,2.77,1.33,3.33,1.32,1.53,0.90,"madness",1
532,"lograr",7.73,1.44,6.50,2.13,3.95,1.66,4.27,1.01,1.13,0.43,1.00,0.00,1.60,0.89,1.03,0.18,"to achieve",1
533,"luminosidad",7.10,1.80,5.70,2.21,4.45,1.68,3.80,1.00,1.17,0.46,1.23,0.63,1.23,0.57,1.03,0.18,"brightness",1
534,"luminoso",6.47,1.61,5.67,1.58,3.63,1.52,3.43,1.17,1.13,0.35,1.10,0.31,1.23,0.43,1.10,0.31,"bright",3
535,"luna",7.20,1.47,4.33,2.45,6.59,0.71,3.47,1.22,1.07,0.37,2.50,1.33,1.67,0.99,1.03,0.18,"moon",1
536,"luz",6.80,1.45,5.21,1.84,5.22,1.53,3.67,0.96,1.13,0.35,1.17,0.38,1.20,0.41,1.07,0.37,"light",1
537,"maceta",5.52,1.43,3.34,2.00,6.35,0.98,2.24,1.41,1.07,0.37,1.10,0.41,1.17,0.54,1.07,0.37,"flowerpot",1
538,"madre",8.60,0.62,6.07,2.32,6.53,0.80,4.79,0.49,1.48,0.78,1.86,1.19,1.52,1.02,1.00,0.00,"mother",1
539,"madrugón",2.33,1.58,5.40,2.70,5.90,1.60,1.27,0.78,2.27,1.39,3.03,1.40,1.40,1.13,2.73,1.51,"getting up early",1
540,"malestar",1.90,1.30,4.40,2.51,4.10,1.73,1.07,0.25,2.13,1.07,3.57,1.17,2.50,1.04,2.30,1.21,"uneasiness / disconfort",1
541,"malévolo",2.23,1.87,6.43,2.21,4.20,1.65,1.10,0.31,3.47,1.36,3.00,1.41,3.73,1.05,2.93,1.28,"wicked",1
542,"malgastar",2.48,1.23,5.42,1.65,4.29,1.46,1.23,0.63,2.90,1.12,2.90,1.06,2.40,1.30,2.07,1.14,"to waste",2
543,"malo",1.87,1.53,5.67,2.17,3.12,1.69,1.07,0.37,3.33,1.30,3.20,1.32,3.33,1.18,2.57,1.48,"bad",3
544,"maloliente",1.50,0.90,5.90,2.35,5.05,1.47,1.03,0.18,2.67,1.35,1.87,1.14,1.53,0.73,4.77,0.57,"stinking",3
545,"maltratador",1.23,0.63,7.77,1.72,5.15,1.54,1.00,0.00,4.57,0.82,4.03,1.33,4.20,1.19,4.33,1.30,"bully",1
546,"maltratar",1.52,1.57,7.79,1.79,5.43,1.67,1.03,0.19,4.52,0.91,3.90,1.29,4.00,1.31,3.62,1.61,"to mistreat",1
547,"malversar",2.04,1.80,5.77,1.75,4.35,1.82,1.04,0.20,4.08,1.04,2.68,1.41,2.48,1.08,3.12,1.51,"to embezzle",1
548,"manantial",6.97,1.92,4.87,2.70,5.90,1.37,3.53,1.28,1.03,0.18,1.30,0.65,1.30,0.53,1.03,0.18,"natural spring",1
549,"mar",7.13,1.85,5.57,2.25,5.93,1.37,4.10,1.12,1.03,0.18,1.70,0.79,2.17,1.12,1.10,0.31,"sea",1
550,"maravilloso",8.03,1.65,5.67,2.55,3.85,1.73,4.43,0.97,1.13,0.43,1.03,0.18,1.20,0.48,1.00,0.00,"wonderful",3
551,"marcar",5.17,1.58,4.90,1.94,3.48,1.46,2.20,1.42,1.47,0.90,1.40,0.77,1.30,0.79,1.43,0.94,"to mark",2
552,"marginación",1.53,1.11,5.63,2.43,4.75,1.52,1.03,0.18,3.63,1.30,4.43,0.68,3.40,1.16,3.10,1.42,"marginalizartion",1
553,"martirio",1.77,1.52,6.87,1.68,4.58,1.64,1.00,0.00,3.23,1.48,3.63,1.22,3.47,1.53,2.63,1.61,"martyrdom",1
554,"masaje",8.20,1.27,3.50,2.52,6.20,1.23,4.03,0.96,1.13,0.51,1.10,0.40,1.20,0.55,1.10,0.40,"massage",1
555,"mascullar",3.81,0.96,4.44,1.76,5.06,1.58,1.00,0.00,2.07,1.27,1.59,0.89,1.44,0.75,1.67,1.18,"to mumble",2
556,"matar",1.33,1.30,8.27,1.20,5.58,1.79,1.00,0.00,4.52,0.99,4.20,1.16,4.59,0.95,3.67,1.52,"to kill",2
557,"mecánico",4.80,1.21,4.17,1.58,4.38,1.43,1.67,0.99,1.20,0.55,1.23,0.57,1.40,0.72,1.40,0.77,"mechanic",3
558,"medalla",6.93,1.53,5.90,2.17,6.20,1.40,3.77,1.38,1.27,0.69,1.27,0.64,1.23,0.68,1.20,0.55,"medal",1
559,"medio",4.63,1.25,3.40,2.01,2.58,1.73,1.37,0.76,1.50,0.90,1.63,1.10,1.57,1.01,1.43,0.82,"middle",3
560,"meditación",6.83,2.15,2.30,2.00,4.32,1.77,3.10,0.99,1.07,0.37,1.43,0.82,1.23,0.57,1.07,0.37,"meditation",1
561,"mentir",1.90,1.12,6.63,1.43,5.05,1.49,1.10,0.31,3.67,1.21,3.13,1.36,2.63,1.30,3.20,1.32,"to lie",1
562,"mentiroso",1.53,0.68,5.73,2.52,4.65,1.82,1.24,0.64,3.79,1.05,3.48,1.24,2.41,1.35,2.93,1.44,"liar",3
563,"merienda",6.77,1.45,5.57,1.72,5.30,1.32,3.40,1.13,1.17,0.53,1.17,0.46,1.20,0.55,1.43,0.68,"snack",1
564,"metástasis",1.72,1.89,6.97,2.72,6.23,0.93,1.00,0.00,3.38,1.52,4.14,1.36,4.34,1.34,2.41,1.48,"metastasis",1
565,"meticuloso",4.73,1.84,4.50,2.46,5.22,1.65,1.43,0.82,1.87,1.22,1.60,1.10,1.60,1.28,1.67,1.15,"meticulous",1
566,"metralleta",2.47,2.29,7.47,1.70,6.55,1.05,1.10,0.40,3.27,1.53,3.37,1.33,3.93,1.05,2.93,1.64,"submachine gun",1
567,"metro",4.27,1.57,4.60,2.15,4.50,1.67,1.53,0.90,1.73,1.14,1.57,1.14,1.70,0.99,2.07,1.31,"subway / meter",1
568,"mimado",4.07,2.16,4.43,2.03,4.90,1.46,1.70,1.06,1.93,1.05,2.03,1.25,1.33,0.76,1.83,1.05,"spoiled",1
569,"mitad",4.57,1.01,3.20,1.85,4.20,2.28,1.70,1.09,1.10,0.40,1.50,0.82,1.23,0.63,1.13,0.43,"half",1
570,"modular",4.59,1.74,3.93,1.90,3.06,1.42,1.43,0.74,1.36,0.73,1.25,0.59,1.32,0.77,1.29,0.76,"to modulate",1
571,"mojado",4.67,1.81,5.27,1.70,5.67,1.33,1.72,1.07,1.66,0.90,1.72,0.92,1.24,0.69,2.17,1.23,"wet",3
572,"monstruo",2.23,1.43,6.93,1.53,5.18,1.18,1.13,0.35,2.23,1.41,1.70,1.06,4.03,0.96,3.07,1.39,"monster",1
573,"monstruoso",2.30,1.95,6.93,1.55,4.32,1.66,1.33,0.61,2.27,1.26,2.07,1.20,3.97,1.10,2.90,1.18,"mostruoso",1
574,"moqueta",4.57,1.22,3.33,2.06,6.03,1.45,1.80,1.16,1.20,0.61,1.47,0.86,1.17,0.53,1.90,1.35,"carpet",1
575,"morder",3.87,1.83,5.87,2.05,5.33,1.33,1.57,0.82,2.67,1.67,2.07,1.17,3.00,1.36,2.53,1.22,"to bite",1
576,"mortal",3.33,2.66,5.87,2.49,4.80,2.01,1.70,1.15,2.40,1.38,3.73,1.36,4.00,1.14,1.77,1.07,"mortal",1
577,"mover",4.67,1.45,5.70,2.23,3.93,1.72,2.00,1.13,1.42,0.92,1.65,1.05,1.84,1.10,1.42,0.92,"to move",1
578,"muestrario",4.62,1.70,3.59,1.48,4.65,1.85,1.93,1.03,1.14,0.44,1.28,0.59,1.21,0.49,1.24,0.69,"sampling",1
579,"munición",2.57,1.52,6.20,1.73,5.30,1.59,1.37,0.89,3.30,1.47,2.63,1.52,3.40,1.22,1.90,1.27,"ammunition",1
580,"muñeco",5.59,1.66,3.86,1.96,5.28,1.78,2.72,1.28,1.14,0.44,1.57,0.86,1.72,1.07,1.17,0.54,"doll",1
581,"muñón",2.67,1.69,4.27,2.13,6.33,0.82,1.07,0.37,1.53,0.73,3.20,1.03,1.93,1.14,2.90,1.24,"stump",1
582,"murmurar",3.90,1.35,4.93,2.19,4.73,1.62,1.28,0.59,2.14,1.19,1.34,0.67,1.69,1.07,1.76,1.15,"to murmur",2
583,"muro",3.71,1.55,3.03,2.21,5.91,1.65,1.17,0.75,2.03,1.22,1.87,1.11,2.17,1.15,1.40,0.72,"wall",1
584,"mutilado",1.63,1.33,6.13,2.57,5.80,1.18,1.00,0.00,2.66,1.37,4.10,0.98,3.17,1.49,3.10,1.50,"amputee",1
585,"nacional",5.07,1.55,3.63,1.92,3.48,1.96,1.87,1.11,1.53,0.90,1.60,0.93,1.70,1.06,1.43,0.77,"national",1
586,"nariz",4.53,1.04,4.17,1.34,5.78,1.82,1.50,0.82,1.40,0.81,1.33,0.76,1.40,0.77,1.83,0.79,"nose",1
587,"navegar",7.13,1.63,5.70,2.73,5.07,1.34,3.63,1.30,1.03,0.18,1.33,0.80,2.20,0.96,1.10,0.31,"to navigate",1
588,"nazi",1.10,0.31,6.90,2.34,6.23,1.09,1.00,0.00,4.27,1.14,3.87,1.38,4.17,1.32,3.93,1.48,"nazi",1
589,"náusea",1.47,0.78,6.80,1.94,5.60,1.45,1.03,0.18,1.70,1.06,2.47,1.33,2.83,1.39,4.59,0.78,"nausea",1
590,"necio",3.10,1.90,5.10,1.65,4.70,1.31,1.27,0.52,2.73,1.34,2.43,1.10,1.63,0.89,2.00,1.11,"fool",1
591,"negativo",2.47,1.91,5.43,2.46,3.85,1.70,1.17,0.53,2.23,1.33,3.20,1.24,2.43,1.33,1.87,1.20,"negative",1
592,"negociar",5.60,1.33,5.77,1.43,4.15,1.31,2.37,1.03,1.80,1.06,1.57,0.73,2.30,1.12,1.47,0.63,"to negotiate",2
593,"nivel",5.13,0.82,4.13,2.13,3.50,1.59,1.70,0.99,1.37,0.76,1.43,0.82,1.70,0.95,1.27,0.83,"level",1
594,"noche",6.83,1.88,4.77,2.57,5.67,1.64,2.77,1.22,1.37,0.93,2.13,1.20,2.47,1.22,1.27,0.74,"night",1
595,"novedoso",6.60,1.57,6.73,1.55,4.05,1.42,3.40,0.86,1.20,0.41,1.33,0.61,2.10,1.03,1.43,0.68,"new",1
596,"número",4.53,1.33,3.27,2.00,5.60,1.76,1.43,0.73,1.33,0.88,1.40,0.89,1.50,0.97,1.33,0.88,"number",1
597,"oasis",7.30,1.49,3.97,2.06,4.53,1.71,3.86,1.19,1.14,0.52,1.14,0.44,1.48,0.83,1.00,0.00,"oasis",1
598,"objeto",4.03,1.47,3.00,1.76,2.06,1.49,1.67,1.09,1.47,0.94,1.63,1.07,1.57,1.07,1.63,1.07,"object",1
599,"odioso",1.63,0.93,6.13,2.24,3.83,1.88,1.00,0.00,3.86,1.27,2.79,1.45,2.24,1.24,3.00,1.49,"hateful",3
600,"ofensa",2.45,1.62,6.34,1.61,4.44,1.64,1.24,0.69,3.21,1.29,2.97,1.24,2.24,1.15,2.17,1.26,"offense",1
601,"oloroso",3.83,1.93,5.43,2.06,4.11,1.61,1.40,0.72,1.43,0.77,1.47,0.82,1.50,0.90,3.40,1.35,"fragrant",1
602,"olvidar",3.50,1.80,5.27,2.41,4.43,1.52,1.90,1.30,2.00,1.11,3.90,1.09,3.53,1.17,1.40,0.93,"to forget",1
603,"olvido",3.10,1.95,5.23,2.24,3.90,1.73,1.39,0.92,2.58,1.31,3.87,1.28,3.39,1.41,1.81,1.28,"forget",1
604,"oncología",3.21,2.65,6.86,2.28,6.03,1.27,1.75,1.29,2.36,1.45,3.93,1.39,3.89,1.66,1.39,0.69,"oncology",1
605,"ondulado",5.14,1.30,3.52,1.96,3.85,2.14,1.79,1.21,1.03,0.19,1.07,0.37,1.10,0.31,1.10,0.31,"wavy",1
606,"opaco",3.53,1.48,3.37,1.77,5.03,1.94,1.20,0.55,1.60,1.00,2.00,1.26,2.30,1.26,1.13,0.43,"opaque",1
607,"operación",3.10,1.71,6.43,2.19,4.40,1.88,1.57,0.86,2.13,1.22,3.23,1.38,4.23,1.04,2.43,1.28,"operation",1
608,"oprimir",1.90,1.16,6.23,1.99,3.98,1.53,1.00,0.00,3.73,1.34,3.07,1.44,3.60,1.33,2.50,1.59,"oppress",2
609,"orar",4.87,1.83,4.00,2.00,5.03,1.67,2.07,1.34,1.50,1.04,2.27,1.39,1.93,1.20,1.43,1.01,"to pray",1
610,"original",7.30,1.29,5.73,2.18,4.00,1.61,3.63,1.00,1.07,0.25,1.10,0.40,1.60,0.97,1.23,0.57,"original",1
611,"orquídea",7.07,1.74,3.37,1.99,6.65,0.59,3.34,1.04,1.10,0.56,1.38,0.78,1.03,0.19,1.10,0.31,"orchid",1
612,"oruga",2.66,1.65,6.52,1.89,6.15,1.44,1.24,0.64,1.69,1.11,1.45,0.83,2.62,1.47,3.62,1.50,"caterpillar",1
613,"oscilar",4.52,1.21,4.55,2.28,3.64,1.90,1.34,0.77,1.48,0.83,1.59,0.87,1.55,0.78,1.24,0.51,"to oscillate",1
614,"otear",5.06,1.59,4.56,1.98,4.08,1.61,1.50,0.71,1.11,0.47,1.17,0.51,1.44,0.70,1.17,0.51,"to watch over",2
615,"otitis",1.87,1.41,4.87,2.10,5.93,1.46,1.07,0.25,2.03,1.16,2.60,1.35,2.93,1.14,2.70,1.47,"otitis",1
616,"otorgar",5.66,1.54,4.90,1.92,3.65,1.42,2.90,1.18,1.31,0.66,1.45,0.63,1.52,0.78,1.21,0.49,"to grant",1
617,"ovacionar",7.77,1.07,6.83,1.97,5.70,1.08,4.38,0.62,1.10,0.41,1.10,0.41,1.21,0.56,1.07,0.37,"to cheer",2
618,"padecer",1.60,0.89,6.23,2.19,3.90,1.74,1.07,0.37,2.72,1.31,4.13,1.01,3.83,1.23,1.83,1.20,"to suffer",1
619,"paella",6.70,1.99,5.17,2.32,6.45,1.29,3.41,1.50,1.00,0.00,1.07,0.37,1.00,0.00,1.28,0.75,"paella",1
620,"paisaje",6.73,2.15,4.70,2.22,4.90,1.75,3.90,1.04,1.23,0.76,1.87,1.09,1.61,0.99,1.35,0.84,"landscape",1
621,"paranormal",3.77,1.65,6.67,1.92,2.95,1.79,1.38,0.68,1.48,0.95,1.55,0.83,3.87,1.28,1.34,0.72,"paranormal",1
622,"parásito",2.43,2.27,5.70,2.25,5.15,1.58,1.20,0.76,2.60,1.40,2.43,1.17,3.53,1.20,4.00,1.23,"parasite",1
623,"parcial",4.93,1.34,3.80,1.88,3.48,1.34,1.67,1.15,1.53,0.94,1.63,0.93,1.77,1.10,1.57,0.97,"partial",1
624,"parecido",4.80,1.52,4.10,1.49,3.38,1.72,1.87,1.01,1.27,0.64,1.30,0.70,1.60,1.04,1.27,0.69,"similarity",1
625,"pasear",7.20,1.61,4.27,2.53,5.28,1.35,4.13,0.94,1.00,0.00,1.27,0.58,1.40,0.62,1.03,0.18,"to walk",1
626,"paseo",7.40,1.52,5.17,2.36,5.07,1.58,3.97,1.05,1.10,0.56,1.28,0.65,1.17,0.54,1.00,0.00,"stroll",1
627,"pavor",1.83,1.09,6.80,2.41,4.75,1.40,1.13,0.35,2.27,0.98,2.63,1.22,4.57,1.01,2.23,1.38,"dread",1
628,"pedo",3.50,2.01,4.43,2.31,6.15,1.39,1.97,1.35,1.83,1.21,1.50,0.97,1.47,0.90,3.93,1.05,"fart",1
629,"pegar",2.37,1.47,6.63,2.19,5.13,1.60,1.23,0.63,4.17,0.91,3.40,1.04,3.40,1.19,3.37,1.07,"to hit / to glue",1
630,"peinar",5.52,1.34,3.74,1.93,6.18,1.16,2.43,1.30,1.20,0.61,1.07,0.37,1.07,0.37,1.13,0.43,"to comb",2
631,"pelear",2.30,1.73,7.37,1.97,4.50,1.52,1.07,0.26,4.11,1.03,3.31,1.37,3.28,1.28,2.48,1.50,"to fight",1
632,"peligrar",2.60,1.69,7.13,2.03,3.98,1.70,1.13,0.43,2.80,1.52,2.73,1.36,4.40,0.97,1.90,1.09,"to be in danger",1
633,"peligroso",2.60,2.30,7.50,1.80,4.30,1.99,1.20,0.41,2.57,1.43,1.87,1.07,4.50,1.01,1.90,1.27,"dangerous",3
634,"pelirrojo",5.67,1.77,4.33,2.31,6.25,1.15,2.27,1.39,1.20,0.61,1.20,0.55,1.17,0.53,1.13,0.51,"redhead",1
635,"pensión",4.83,1.74,4.60,1.63,4.90,1.73,2.13,1.20,1.57,1.01,2.20,1.30,2.20,1.06,1.70,0.88,"hostel / alimony",1
636,"pequeño",5.30,1.32,3.97,1.77,4.58,1.73,2.33,1.52,1.23,0.68,1.37,0.76,1.77,1.10,1.33,0.84,"small",3
637,"perder",2.00,1.05,5.47,2.39,5.15,1.84,1.20,0.41,3.23,1.28,3.93,1.08,3.13,1.53,1.80,1.24,"to loose",1
638,"perdonar",7.17,1.74,5.57,2.10,5.22,1.57,3.87,0.94,1.47,0.94,1.70,1.02,2.10,1.32,1.23,0.73,"to forgive",2
639,"perfil",4.47,1.33,3.33,1.86,3.90,1.64,1.53,1.07,1.20,0.48,1.33,0.71,1.40,0.89,1.20,0.48,"profile",1
640,"perfumado",7.07,1.68,5.07,2.35,5.03,1.43,3.40,1.19,1.07,0.25,1.23,0.68,1.07,0.25,1.37,0.72,"perfumed",1
641,"perjudicar",1.83,1.32,5.70,2.15,4.73,1.48,1.10,0.40,3.27,1.11,3.30,1.21,2.67,1.32,2.57,1.43,"to damage",1
642,"perseverar",6.77,1.87,5.60,2.18,4.28,1.47,3.33,1.42,1.27,0.69,1.47,0.82,1.43,0.86,1.07,0.25,"to persevere",1
643,"pesadilla",1.60,0.86,7.50,1.63,4.58,1.90,1.03,0.19,2.41,1.40,3.30,1.39,4.62,0.62,2.07,1.22,"nightmare",1
644,"pesado",2.70,1.12,4.57,2.11,4.30,1.53,1.27,0.58,2.13,1.20,1.83,1.15,1.67,0.92,2.00,1.23,"heavy / tiresome",3
645,"pérdida",2.17,1.34,6.00,2.12,3.78,1.72,1.10,0.41,2.90,1.29,4.45,0.91,3.76,1.27,1.48,0.99,"loss",1
646,"pie",4.33,1.63,4.03,2.33,6.66,0.63,1.30,0.75,1.20,0.55,1.10,0.40,1.20,0.55,2.53,1.25,"foot",1
647,"piropear",6.63,1.75,6.43,1.74,5.15,1.39,3.53,1.20,1.50,1.01,1.33,0.80,1.37,0.72,1.83,1.15,"to make flattering comments",2
648,"piropo",7.73,1.20,6.53,1.63,4.90,1.58,4.07,1.11,1.27,0.58,1.13,0.51,1.50,0.90,1.67,0.84,"flirtatious remark",1
649,"piscina",7.40,1.13,6.30,1.64,6.10,0.95,4.00,0.87,1.10,0.31,1.07,0.25,1.43,0.57,1.40,0.72,"swimming pool",1
650,"plenitud",7.47,1.31,5.77,1.63,3.65,1.51,4.20,0.85,1.07,0.25,1.13,0.35,1.43,0.68,1.07,0.25,"fullness",1
651,"poema",6.93,1.84,5.17,2.32,5.13,1.82,3.84,1.00,1.84,1.34,3.03,1.38,1.74,1.15,1.39,1.02,"poem",1
652,"político",2.27,1.29,5.87,2.38,5.15,1.30,1.17,0.46,3.97,1.33,2.77,1.52,2.40,1.33,3.73,1.23,"politician",3
653,"posible",6.80,1.40,5.53,1.74,3.15,1.51,3.43,1.19,1.27,0.58,1.53,0.86,1.60,0.86,1.27,0.58,"possible",1
654,"positivo",7.73,1.46,5.43,1.89,3.40,1.62,4.30,0.84,1.07,0.25,1.03,0.18,1.30,0.60,1.03,0.18,"positive",3
655,"pólvora",4.07,1.96,6.86,1.96,5.40,1.60,1.72,1.00,2.03,1.27,1.79,1.08,3.17,1.54,1.55,1.12,"gunpowder",1
656,"precintar",4.67,0.84,4.23,1.55,5.45,1.08,1.28,0.65,1.14,0.44,1.28,0.70,1.24,0.64,1.14,0.44,"to close off",2
657,"prejuicio",1.63,0.81,5.57,1.89,4.83,1.25,1.03,0.18,3.50,1.07,3.47,1.25,2.93,1.46,3.13,1.25,"prejudice",1
658,"premiar",7.50,1.31,6.57,1.25,4.45,1.68,4.33,0.71,1.23,0.57,1.13,0.35,1.37,0.72,1.07,0.25,"to award",1
659,"premio",7.97,1.59,6.60,1.71,5.25,1.38,4.47,0.94,1.13,0.35,1.07,0.25,1.47,0.90,1.03,0.18,"award",1
660,"preocupar",2.60,1.90,6.90,1.88,4.28,1.69,1.10,0.40,2.07,1.26,3.73,1.05,3.97,1.27,1.40,0.81,"to worry",2
661,"preparado",7.10,1.60,6.20,2.23,4.00,1.49,3.50,1.14,1.10,0.31,1.30,0.70,1.57,0.86,1.07,0.25,"qualified",1
662,"preparar",5.83,1.67,5.76,2.43,3.27,1.94,2.79,1.29,1.07,0.37,1.28,0.59,1.53,0.78,1.10,0.41,"to prepare",2
663,"presumido",4.13,2.08,4.83,1.93,5.07,1.14,1.97,1.19,1.83,1.02,1.33,0.55,1.10,0.31,1.77,0.94,"boastfull",1
664,"pretencioso",2.79,1.32,5.46,2.03,4.59,1.68,1.07,0.26,2.86,1.19,1.93,1.28,1.38,0.90,2.31,1.07,"conceited",3
665,"probar",6.50,1.25,6.10,1.88,4.05,1.25,3.17,0.91,1.10,0.31,1.20,0.48,2.40,1.04,1.57,1.04,"to try",1
666,"producto",4.93,1.78,3.23,1.85,3.70,2.34,1.71,0.94,1.29,0.53,1.29,0.59,1.35,0.55,1.48,0.77,"product",1
667,"programar",5.45,1.43,4.28,2.07,4.62,1.46,1.97,1.05,1.28,0.65,1.31,0.60,1.66,0.86,1.24,0.83,"to program",1
668,"prosperar",7.28,2.09,6.23,1.98,4.62,1.46,4.37,0.96,1.03,0.18,1.27,0.64,1.80,1.03,1.07,0.37,"to thrive",1
669,"prostituir",2.30,1.95,6.33,1.95,5.78,1.09,1.00,0.00,2.47,1.38,3.53,1.28,2.37,1.43,2.83,1.42,"to prostitute",1
670,"proteger",7.20,1.30,6.33,1.94,4.53,1.35,3.50,0.97,1.53,0.82,1.53,0.78,2.10,1.30,1.03,0.18,"to protect",1
671,"provincia",4.70,1.58,3.07,1.72,5.52,1.63,1.43,1.01,1.33,0.76,1.43,0.94,1.20,0.55,1.27,0.69,"province",1
672,"psicosis",2.70,1.95,6.90,2.01,5.48,1.28,1.27,0.78,2.63,1.30,2.90,1.32,3.60,1.30,1.77,1.22,"psychosis",1
673,"psicópata",2.43,2.25,7.27,2.36,5.25,1.64,1.03,0.18,2.97,1.50,3.00,1.39,4.13,1.04,2.60,1.59,"psychopath",1
674,"puñalada",1.43,0.86,7.57,1.33,6.20,0.81,1.03,0.18,4.17,1.29,3.67,1.32,4.47,0.82,3.00,1.64,"stab",1
675,"puro",5.76,2.08,4.76,1.98,3.00,1.98,2.57,1.28,1.10,0.31,1.00,0.00,1.23,0.43,1.13,0.43,"pure / cigar",3
676,"purulento",1.85,1.41,5.30,2.38,5.11,1.52,1.00,0.00,1.35,0.80,1.88,1.03,2.42,1.36,4.12,1.31,"purulent",3
677,"pústula",1.89,1.33,6.68,1.92,5.82,1.35,1.25,0.55,2.05,1.19,2.25,1.07,2.70,1.22,4.10,1.37,"pustule",1
678,"quejumbroso",2.84,2.15,5.24,1.92,4.33,1.50,1.12,0.33,2.36,1.32,2.71,1.20,1.76,1.09,2.16,1.21,"cranky",3
679,"quemar",2.97,2.08,6.37,1.97,4.62,1.63,1.13,0.43,3.43,1.43,3.03,1.33,3.83,1.12,2.20,1.27,"to burn",2
680,"quieto",4.60,1.19,2.40,2.09,5.45,1.77,1.57,0.97,1.43,0.86,2.27,1.26,2.17,1.09,1.43,0.77,"still",1
681,"quimioterapia",2.10,2.31,6.07,2.97,5.95,1.14,1.17,0.46,2.93,1.31,4.20,0.92,4.43,0.86,2.13,1.31,"chemotherapy",1
682,"racial",4.30,2.38,4.50,1.83,4.00,1.66,1.97,1.33,1.77,1.22,1.77,1.14,1.77,1.17,1.63,1.16,"racial",1
683,"reanimar",6.27,2.43,7.60,1.43,4.92,1.62,2.80,1.40,1.50,0.97,2.17,1.15,2.80,1.67,1.30,0.65,"revive",1
684,"recalcar",4.72,1.51,5.24,1.77,4.11,1.58,1.38,0.78,1.62,0.86,1.38,0.73,1.41,0.82,1.48,0.99,"to emphasize",1
685,"recibir",6.90,1.37,5.50,1.74,3.63,1.39,3.97,0.89,1.10,0.31,1.33,0.66,1.70,0.84,1.07,0.25,"to receive",2
686,"reciclar",7.35,1.66,4.32,2.09,5.52,1.43,3.43,1.19,1.13,0.43,1.20,0.41,1.13,0.57,1.10,0.31,"to recycle",2
687,"recolectar",5.48,1.90,4.83,2.56,5.32,1.29,2.34,1.37,1.10,0.56,1.03,0.19,1.14,0.44,1.10,0.41,"to gather",1
688,"recompensar",7.73,1.05,6.43,1.89,4.45,1.62,4.43,0.63,1.03,0.19,1.28,0.80,1.24,0.79,1.10,0.56,"to reward",1
689,"recriminar",2.47,1.33,5.80,2.17,4.47,1.41,1.23,0.50,3.40,1.16,3.03,1.35,2.63,1.10,2.27,1.44,"to reproach",2
690,"recrudecer",3.35,1.96,5.54,2.28,4.06,1.73,1.15,0.46,2.19,1.27,2.59,1.50,2.52,1.34,2.15,1.23,"to worsen",2
691,"redicho",3.64,1.70,5.18,1.87,3.97,1.67,1.56,0.97,1.67,0.83,1.44,0.64,1.33,0.68,1.59,0.89,"pretentious",3
692,"reemplazar",4.47,1.41,5.00,1.49,4.17,1.80,2.17,1.21,1.50,0.90,2.37,1.22,2.17,1.29,1.23,0.50,"to replace",1
693,"referir",4.66,0.77,4.17,1.61,3.41,1.53,1.52,0.91,1.31,0.76,1.34,0.67,1.24,0.58,1.31,0.66,"to refer",1
694,"reformar",6.03,1.67,6.30,2.02,3.80,1.95,3.10,1.06,1.40,0.81,1.67,0.96,2.00,1.20,1.23,0.68,"to remodel",1
695,"reforzar",6.20,1.27,5.80,1.58,3.95,1.25,3.13,1.31,1.23,0.50,1.30,0.60,1.47,0.73,1.13,0.43,"to reinforce",1
696,"refrescante",7.21,1.15,5.48,1.92,4.60,1.40,3.73,1.23,1.07,0.25,1.13,0.51,1.07,0.37,1.13,0.51,"refreshing",1
697,"regalar",8.31,0.97,6.86,1.64,5.19,1.80,4.66,0.67,1.07,0.26,1.14,0.44,1.17,0.47,1.00,0.00,"to give (a gift)",1
698,"regañar",2.27,1.31,6.60,1.77,5.25,1.55,1.10,0.40,3.57,0.77,3.40,1.07,3.20,0.96,2.00,1.14,"to scold",2
699,"reinar",5.40,2.08,5.27,2.20,5.33,1.54,2.43,1.22,1.47,0.90,1.63,1.10,1.77,1.04,1.27,0.69,"to reign",2
700,"reír",8.60,0.62,7.57,1.79,5.55,1.55,4.87,0.43,1.00,0.00,1.10,0.40,1.23,0.77,1.03,0.18,"to laugh",1
701,"relación",6.13,1.59,5.30,1.97,3.80,1.60,3.83,0.99,1.57,0.86,1.90,0.96,2.20,1.06,1.37,0.67,"relation / relationship",1
702,"relajación",7.50,1.66,2.17,2.28,4.77,1.44,3.70,1.15,1.03,0.18,1.37,0.61,1.17,0.46,1.07,0.37,"relaxation",1
703,"relax",7.73,1.72,1.93,1.39,4.55,1.72,3.87,1.07,1.17,0.53,1.27,0.74,1.23,0.77,1.07,0.37,"relax",1
704,"religioso",4.40,1.75,3.87,2.16,4.30,1.85,2.07,1.36,1.83,1.18,2.00,1.11,2.03,1.30,1.93,1.31,"religious",3
705,"remover",4.37,1.10,5.03,1.35,4.10,1.70,1.30,0.53,1.73,1.23,1.87,1.20,1.70,1.12,1.73,0.98,"to remove",1
706,"renacer",7.03,1.33,5.83,2.45,3.63,2.09,3.90,1.03,1.10,0.31,1.17,0.46,1.90,1.09,1.03,0.19,"to be reborn",1
707,"renovar",6.63,1.43,5.80,1.75,4.30,1.73,3.47,1.11,1.17,0.46,1.43,0.77,1.80,1.06,1.10,0.31,"to renew",1
708,"reprender",2.75,1.35,6.11,1.62,3.90,1.44,1.14,0.76,3.36,0.99,2.50,1.11,2.79,1.26,1.61,0.92,"to reprimand",1
709,"repugnancia",1.37,0.81,5.67,2.52,4.80,1.68,1.00,0.00,2.83,1.53,2.40,1.33,1.93,1.01,4.70,0.53,"revulsion",1
710,"repugnar",1.83,1.37,6.33,1.65,4.77,1.43,1.10,0.40,2.37,1.50,2.23,1.43,2.17,1.32,4.70,0.84,"to disgust",2
711,"repulsivo",1.53,1.11,6.03,1.92,4.85,1.43,1.03,0.18,2.40,1.10,2.03,1.07,2.17,1.02,4.60,0.72,"repulsive",1
712,"rescatar",7.37,1.77,7.10,1.92,5.28,1.07,3.77,1.36,1.45,1.06,1.68,1.17,2.61,1.26,1.26,0.82,"to rescue",1
713,"respetar",8.37,1.00,4.70,2.20,4.80,1.70,4.17,1.15,1.23,0.68,1.17,0.53,1.50,1.07,1.23,0.63,"to respect",1
714,"respiración",7.87,1.14,3.77,2.34,5.67,1.58,2.97,1.40,1.20,0.66,1.30,0.75,1.33,0.66,1.07,0.37,"breathing",1
715,"respirar",7.37,1.50,4.87,2.16,6.05,1.15,3.53,1.48,1.13,0.43,1.13,0.43,1.13,0.43,1.03,0.18,"to breathe",1
716,"resumir",5.00,1.60,4.66,1.99,4.47,1.56,1.38,0.73,1.14,0.44,1.52,0.87,1.24,0.58,1.21,0.49,"to sum up",2
717,"reventar",2.73,1.76,6.97,1.40,4.17,1.31,1.33,0.76,3.23,1.36,2.53,1.38,3.13,1.31,2.03,1.19,"to burst",1
718,"revoltoso",4.70,1.64,6.90,1.54,4.50,1.27,2.20,1.10,2.47,1.11,1.03,0.18,1.97,1.13,1.30,0.53,"naughty",1
719,"revolver",3.63,1.85,6.60,1.83,4.68,1.70,1.38,0.90,2.48,1.45,1.83,1.28,2.14,1.41,2.10,1.35,"to stir",1
720,"rezar",4.71,1.81,3.26,1.83,5.21,1.77,2.13,1.33,1.27,0.64,1.67,1.06,1.57,1.04,1.13,0.43,"to pray",1
721,"rico",6.57,1.77,5.66,1.88,3.75,1.52,3.41,1.15,1.40,0.72,1.47,0.82,1.40,0.72,1.47,0.86,"rich",3
722,"ridiculizar",2.30,1.99,6.50,1.93,4.92,1.77,1.13,0.43,2.97,1.27,3.53,1.14,2.73,1.28,2.77,1.41,"to ridicule",1
723,"ridículo",2.57,1.43,6.23,1.77,3.68,1.78,1.17,0.46,2.00,1.20,2.43,1.30,2.80,1.40,1.63,1.00,"ridiculous",1
724,"risueño",7.73,1.20,5.47,1.59,4.70,1.68,4.20,0.92,1.07,0.25,1.03,0.18,1.07,0.25,1.00,0.00,"smiley",1
725,"rival",3.30,2.23,6.80,1.61,4.95,1.72,1.47,0.68,2.90,1.37,2.23,1.22,2.73,1.26,2.13,1.20,"rival",1
726,"rizado",5.43,1.41,4.10,2.11,5.88,1.21,2.30,1.29,1.33,0.80,1.20,0.48,1.23,0.77,1.23,0.57,"curly",1
727,"robo",1.40,0.81,7.63,1.38,5.25,1.40,1.00,0.00,4.43,0.68,3.70,1.26,4.47,0.82,2.97,1.38,"theft",1
728,"robusto",5.93,1.73,5.00,2.19,4.65,1.39,1.90,1.01,1.66,0.90,1.31,0.60,1.97,1.05,1.24,0.58,"robust",1
729,"rogar",3.40,1.54,5.90,1.67,4.53,1.40,1.42,0.89,2.03,1.20,2.97,1.33,2.58,1.36,1.77,1.18,"to beg",1
730,"romper",3.20,1.54,6.43,1.85,4.43,1.69,1.40,0.77,2.93,1.60,3.07,1.26,3.00,1.29,1.73,0.94,"to break",2
731,"rosa",6.43,1.72,3.53,2.06,5.15,1.90,3.23,1.43,1.13,0.43,1.27,0.69,1.20,0.48,1.13,0.51,"rose",1
732,"rotular",5.00,1.05,4.10,1.58,5.22,1.37,1.72,1.16,1.00,0.00,1.03,0.19,1.00,0.00,1.03,0.19,"to label",3
733,"rudo",3.25,1.53,4.71,1.72,4.65,1.24,1.25,0.59,2.21,1.26,1.79,0.96,1.93,0.94,1.89,1.07,"rough",1
734,"rueda",5.23,1.96,4.30,2.02,5.55,1.99,1.40,0.81,1.03,0.18,1.10,0.40,1.43,0.90,1.10,0.40,"wheel",1
735,"ruin",1.70,1.02,5.13,2.03,5.25,1.37,1.03,0.18,3.57,1.30,2.73,1.11,1.90,0.99,2.93,1.26,"despicable",1
736,"rural",6.17,1.66,5.37,1.83,4.13,1.34,3.37,1.03,1.20,0.48,1.60,0.72,1.60,0.86,1.50,0.73,"rural",1
737,"sabiduría",7.93,1.26,4.97,2.36,4.13,1.65,4.10,0.92,1.20,0.55,1.27,0.78,1.27,0.52,1.17,0.65,"wisdom",1
738,"sacrificar",2.67,1.99,6.60,2.16,5.00,1.85,1.03,0.18,3.00,1.44,4.17,0.99,3.43,1.38,2.67,1.58,"to sacrifice",1
739,"salario",6.30,2.09,5.83,2.45,5.37,1.37,3.53,1.31,1.80,1.19,2.20,1.27,2.00,1.17,1.67,1.15,"salary",1
740,"salir",6.33,1.71,6.07,2.05,4.23,1.79,3.63,1.43,1.23,0.57,1.37,0.72,1.97,1.10,1.10,0.55,"to leave",2
741,"saltear",5.63,1.10,4.17,2.02,4.45,1.53,1.66,0.86,1.14,0.44,1.07,0.26,1.10,0.31,1.03,0.19,"to stir fry",1
742,"salvaje",5.33,1.79,6.60,1.67,3.87,1.59,2.23,1.28,1.80,1.16,1.40,0.93,2.90,1.18,1.40,0.81,"wild",1
743,"salvar",7.80,1.32,6.87,1.87,5.20,1.42,4.20,1.00,1.10,0.31,1.23,0.63,1.83,0.87,1.03,0.18,"to save",2
744,"sancionar",2.33,1.56,6.07,2.18,4.75,1.35,1.17,0.59,3.37,0.96,2.87,1.11,3.07,1.36,2.13,1.22,"to penalize",1
745,"sangrar",2.17,0.83,7.17,1.82,6.03,0.77,1.21,0.56,2.14,1.22,3.00,1.36,3.62,1.21,2.86,1.36,"to bleed",2
746,"sangre",3.87,1.83,5.90,2.06,6.15,1.68,1.43,0.94,1.83,1.18,1.87,1.25,2.50,1.25,2.50,1.36,"blood",1
747,"sano",7.87,2.06,5.50,2.19,5.48,1.53,4.42,0.85,1.23,0.80,1.29,0.90,1.42,0.92,1.16,0.73,"healthy",3
748,"satisfacción",8.53,0.90,6.40,2.13,4.90,1.79,4.73,0.52,1.13,0.57,1.03,0.18,1.10,0.31,1.00,0.00,"satisfaction",1
749,"sauna",6.67,1.83,4.17,2.42,6.12,1.33,3.33,1.24,1.13,0.35,1.27,0.69,1.50,0.82,1.53,0.90,"sauna",1
750,"seco",5.00,1.36,4.47,1.57,4.83,1.65,1.79,1.18,1.21,0.56,1.55,0.95,1.45,0.87,1.38,0.82,"dry",3
751,"secuestrar",1.29,0.69,7.52,1.26,5.62,1.36,1.03,0.18,4.13,1.04,3.57,1.45,4.47,1.01,3.10,1.45,"to kidnap",1
752,"sed",3.07,1.51,5.50,2.39,5.58,1.57,1.27,0.64,1.63,1.07,2.10,1.40,1.83,1.34,1.60,0.97,"thirst",1
753,"seducción",7.70,1.06,7.37,1.22,4.65,1.29,3.60,1.25,1.30,0.60,1.13,0.35,1.70,0.88,1.40,0.77,"seduction",1
754,"seducir",7.32,1.25,7.00,1.32,4.87,1.48,3.53,1.04,1.10,0.40,1.13,0.35,1.67,0.96,1.23,0.43,"to seduce",1
755,"seductor",6.60,1.28,6.20,1.63,5.05,1.25,2.93,1.20,1.30,0.60,1.13,0.35,1.50,0.94,1.33,0.55,"seductive",1
756,"sellar",5.07,0.94,3.77,1.48,4.77,1.60,1.21,0.49,1.07,0.37,1.10,0.31,1.14,0.44,1.00,0.00,"to seal",1
757,"selva",6.00,1.51,6.00,1.88,5.97,1.21,2.90,1.01,1.28,0.70,1.21,0.49,3.00,1.10,1.52,0.83,"jungle",1
758,"sencillo",5.90,1.56,4.33,1.71,3.78,1.22,2.73,1.28,1.10,0.40,1.33,0.66,1.50,0.90,1.17,0.46,"simple",1
759,"senderismo",6.87,1.65,6.17,1.83,5.97,1.05,3.53,1.11,1.13,0.43,1.23,0.50,1.33,0.66,1.17,0.38,"hiking",1
760,"sensato",7.00,1.39,4.47,1.94,5.05,1.47,2.87,1.14,1.27,0.69,1.73,1.08,1.70,1.26,1.13,0.57,"sensible",1
761,"sensibilidad",6.33,1.42,4.60,2.06,4.38,1.46,2.80,1.21,1.33,0.88,2.37,1.35,2.07,1.34,1.17,0.46,"sensitivity",1
762,"sentir",6.80,1.71,6.90,1.65,3.85,1.81,4.19,0.83,2.45,1.46,2.58,1.46,3.23,1.33,1.94,1.41,"to feel",2
763,"separación",3.33,2.32,5.37,2.37,4.60,1.85,1.47,0.78,2.47,1.17,4.00,1.11,3.33,1.18,1.53,1.01,"separation",1
764,"septentrional",4.62,1.63,3.77,2.08,4.69,1.90,1.38,0.98,1.31,0.74,1.19,0.57,1.31,0.79,1.12,0.43,"northern",1
765,"serenidad",7.90,1.09,2.77,2.30,3.98,1.99,3.31,1.37,1.00,0.00,1.34,0.72,1.21,0.49,1.00,0.00,"serenity",1
766,"servidumbre",2.33,1.49,4.87,1.94,4.28,1.60,1.17,0.47,2.97,1.59,3.10,1.69,2.55,1.53,2.53,1.53,"servants",1
767,"sexualidad",7.53,1.28,7.50,1.25,4.68,1.48,3.90,1.09,1.23,0.50,1.13,0.43,1.63,1.03,1.37,0.72,"sexuality",1
768,"siesta",6.93,1.82,2.07,1.91,6.10,1.27,3.60,1.30,1.10,0.31,1.33,0.84,1.10,0.40,1.07,0.25,"nap",1
769,"silencioso",5.10,2.11,3.33,1.69,5.07,1.47,1.97,1.22,1.23,0.50,2.37,1.19,2.20,1.13,1.23,0.77,"silent",1
770,"similar",4.77,1.25,3.87,1.83,3.63,1.68,1.77,1.02,1.32,0.65,1.48,0.77,1.39,0.80,1.26,0.63,"similar",1
771,"sincero",7.83,1.39,5.37,2.06,4.40,2.03,4.07,0.75,1.24,0.69,1.28,0.70,1.62,1.01,1.17,0.76,"sincere",1
772,"sintáctico",4.44,1.42,3.84,1.93,3.63,2.07,1.58,0.90,1.38,0.70,1.42,0.70,1.31,0.55,1.50,0.91,"syntactic",3
773,"sistemático",5.07,1.62,4.31,2.39,3.98,1.82,1.45,0.74,1.34,0.86,1.38,0.78,1.45,0.83,1.28,0.70,"systematic",3
774,"sífilis",2.00,2.04,7.07,2.23,6.22,1.01,1.18,0.77,2.57,1.48,3.32,1.52,4.04,1.20,3.57,1.43,"syphilis",1
775,"sobornar",2.13,1.23,5.81,1.60,4.88,1.41,1.17,0.46,3.87,1.20,2.70,1.29,2.17,1.09,3.23,1.43,"to bribe",1
776,"soborno",1.60,0.77,6.50,1.93,5.13,1.13,1.00,0.00,4.17,1.07,3.27,1.44,2.72,1.36,3.50,1.43,"bribery",1
777,"sobresaliente",8.20,1.35,7.20,1.56,5.48,1.65,4.67,0.61,1.17,0.46,1.03,0.18,1.23,0.50,1.23,0.68,"outstanding",1
778,"sobresalir",6.52,1.94,6.86,1.46,4.86,1.46,3.55,1.35,1.21,0.49,1.24,0.64,1.38,0.90,1.14,0.44,"to stand out",2
779,"sobrevivir",6.73,2.27,6.86,2.20,5.00,1.37,3.77,1.45,1.47,0.82,2.00,1.26,2.83,1.18,1.20,0.55,"to survive",1
780,"socorrer",6.73,1.89,7.13,1.93,4.98,1.32,2.27,1.36,1.33,0.96,1.67,0.99,2.67,1.47,1.13,0.51,"to help",1
781,"solidaridad",8.10,1.21,5.50,2.37,4.08,1.97,4.13,1.28,1.03,0.18,1.33,0.80,1.17,0.38,1.03,0.18,"solidarity",1
782,"sollozar",1.87,1.14,6.00,2.05,5.55,1.16,1.27,0.69,2.20,1.30,4.33,1.12,2.43,1.33,1.37,0.93,"to sob",2
783,"sonido",5.93,1.31,5.83,1.97,3.38,1.91,2.87,1.33,1.47,0.86,1.90,1.21,1.70,1.09,1.37,0.89,"sound",1
784,"sonreír",8.48,0.68,6.81,1.70,6.11,1.26,4.90,0.31,1.03,0.18,1.13,0.43,1.03,0.18,1.03,0.18,"to smile",1
785,"sonrisa",8.53,0.82,6.93,1.82,6.12,1.28,4.58,0.85,1.39,0.95,1.52,1.06,1.52,1.03,1.39,1.02,"smile",1
786,"sorprender",6.87,1.25,7.03,1.33,3.75,1.46,3.73,1.01,1.23,0.68,1.17,0.46,2.03,1.22,1.13,0.35,"to surprise",1
787,"sorpresa",7.33,1.37,7.83,0.99,3.93,1.53,4.07,0.91,1.33,0.66,1.40,0.72,2.03,1.07,1.30,0.88,"surprise",1
788,"sosiego",6.14,2.25,2.41,1.97,4.29,1.57,2.64,1.52,1.39,0.79,1.79,0.96,1.43,0.88,1.29,0.66,"calm",1
789,"sospecha",3.70,1.19,6.53,1.41,3.80,1.34,1.27,0.64,2.73,1.41,2.17,1.26,2.77,1.38,1.73,1.11,"suspicion",1
790,"sueldo",7.67,1.60,7.00,1.60,5.78,1.55,4.20,0.89,1.30,0.65,1.37,0.76,1.53,0.78,1.20,0.55,"wage",1
791,"suelo",4.43,1.36,2.90,1.97,5.82,1.69,1.53,0.90,1.33,0.76,1.57,1.04,1.63,0.93,1.70,1.15,"floor",1
792,"suerte",7.73,1.41,6.60,2.06,4.25,1.97,4.50,0.63,1.13,0.35,1.23,0.57,1.40,0.67,1.17,0.53,"luck",1
793,"sufrimiento",1.77,1.63,5.73,2.72,4.30,1.68,1.03,0.18,3.07,1.41,4.37,0.89,3.90,1.16,2.30,1.44,"suffering",1
794,"superación",7.97,1.22,7.17,1.93,4.90,1.58,4.57,0.63,1.20,0.61,1.13,0.35,1.67,0.88,1.03,0.18,"improvement",1
795,"suscribir",4.97,1.21,4.52,1.74,4.23,1.39,1.52,0.83,1.24,0.58,1.24,0.64,1.34,0.72,1.17,0.54,"to subscribe to",1
796,"suspenso",1.77,1.52,6.97,2.34,5.80,1.22,1.26,1.00,4.00,1.24,4.45,0.77,3.84,1.34,2.52,1.41,"fail",1
797,"sustancia",4.53,1.01,3.00,2.00,2.22,1.60,1.37,0.72,1.17,0.53,1.20,0.55,1.50,0.78,1.77,1.01,"substance",1
798,"susto",3.13,1.68,7.63,2.01,4.65,1.58,1.53,0.97,2.57,1.10,1.97,1.22,4.03,1.03,1.83,0.99,"scare",1
799,"susurrar",6.07,1.66,4.23,2.06,5.73,1.19,2.21,1.47,1.45,1.02,1.52,1.06,1.55,1.15,1.21,0.56,"to whisper",2
800,"susurro",5.67,1.95,3.73,2.63,5.18,1.52,2.77,1.25,1.20,0.48,1.47,0.82,2.03,1.22,1.23,0.50,"whispering",1
801,"tacaño",2.20,1.21,4.87,1.87,5.45,1.34,1.07,0.25,2.70,1.39,2.50,1.38,1.37,0.76,2.43,1.52,"stingy",1
802,"tacto",6.47,1.63,5.23,2.30,4.38,1.79,3.10,1.24,1.30,0.84,1.33,0.96,2.03,1.13,1.90,1.09,"touch",1
803,"tarea",4.57,1.36,5.40,2.18,4.02,1.73,1.63,0.85,1.53,0.90,1.60,0.81,1.53,0.86,1.60,1.00,"task",1
804,"teatro",7.27,1.53,5.73,1.96,5.73,1.28,4.07,0.92,1.34,1.08,1.72,1.19,1.55,1.15,1.34,1.08,"theatre",1
805,"techo",4.90,2.01,3.03,1.81,5.78,1.31,2.03,1.25,1.37,0.93,1.37,0.76,1.63,1.07,1.23,0.50,"ceiling",1
806,"tecla",4.17,1.44,3.67,1.84,5.03,2.03,1.53,0.82,1.37,0.72,1.27,0.64,1.33,0.66,1.30,0.65,"key",1
807,"tema",4.48,1.35,3.79,1.76,2.16,1.64,1.77,1.10,1.27,0.52,1.47,0.78,1.47,0.73,1.30,0.53,"theme",1
808,"temer",2.20,1.42,7.00,1.82,4.05,1.40,1.07,0.25,2.33,1.35,2.87,1.41,4.70,0.65,1.97,1.22,"to fear",2
809,"temerario",3.50,2.36,6.97,1.73,4.88,1.48,1.70,1.26,2.47,1.22,1.73,1.01,4.07,1.28,1.50,0.82,"reckless",1
810,"templado",5.67,1.60,3.30,1.62,3.48,1.55,1.87,0.86,1.13,0.43,1.27,0.74,1.10,0.40,1.30,0.95,"lukewarm",1
811,"templanza",7.10,1.37,3.17,1.85,4.23,1.97,3.00,1.10,1.14,0.35,1.41,0.78,1.41,0.82,1.03,0.19,"temperance",1
812,"temporal",4.23,1.43,5.50,1.74,3.38,1.71,1.70,0.92,1.90,1.12,2.47,1.20,2.90,1.30,1.60,0.89,"storm / temporary",1
813,"tenebroso",2.90,2.23,6.40,2.03,4.73,1.47,1.27,0.78,1.93,1.28,2.30,1.37,3.93,1.34,1.93,1.28,"sinister",1
814,"tentar",5.30,1.51,6.03,2.06,3.63,1.80,2.14,1.09,1.48,0.74,1.45,0.83,2.34,1.20,1.41,0.68,"to tempt",1
815,"ternura",8.00,1.44,4.70,2.41,5.28,1.65,4.07,1.05,1.07,0.37,1.27,0.69,1.07,0.37,1.07,0.37,"tenderness",1
816,"terremoto",1.87,1.70,8.07,1.20,6.35,1.06,1.00,0.00,2.13,1.04,3.13,1.41,4.47,0.90,1.50,0.94,"earthquake",1
817,"terrorismo",1.37,1.38,7.47,1.87,5.40,1.40,1.07,0.25,4.53,0.90,4.30,1.18,4.37,1.16,3.83,1.44,"terrorism",1
818,"texto",5.30,1.29,3.90,1.67,4.15,1.64,2.35,1.33,1.48,0.85,1.81,1.08,1.58,0.92,1.45,0.81,"text",1
819,"tétrico",2.23,1.30,5.53,2.80,4.62,1.77,1.13,0.35,2.10,1.35,2.73,1.55,4.00,1.31,2.37,1.40,"gloomy",1
820,"timado",2.00,1.31,6.28,2.02,4.91,1.16,1.07,0.25,4.63,0.61,3.23,1.19,2.77,1.28,3.13,1.33,"tricked",1
821,"timbre",4.90,1.52,6.17,2.09,5.63,1.63,2.63,1.13,1.67,1.03,1.30,0.60,1.60,1.07,1.10,0.40,"bell",1
822,"tiranía",1.87,1.98,6.83,1.76,4.77,1.55,1.07,0.37,3.90,1.35,3.63,1.43,3.93,1.48,3.63,1.27,"tyranny",1
823,"torcer",3.28,1.53,5.17,2.25,3.60,1.80,1.21,0.56,1.97,1.21,1.90,1.08,2.30,1.26,1.31,0.66,"to twist",1
824,"torcido",2.90,1.16,4.53,1.80,4.45,1.49,1.23,0.50,2.03,0.96,2.10,1.03,1.90,1.09,1.57,0.82,"twisted",1
825,"torear",2.23,1.38,6.45,2.39,5.38,1.61,1.17,0.46,3.63,1.35,3.10,1.30,2.60,1.48,3.37,1.38,"to bull fight",1
826,"tormento",2.17,1.56,6.52,1.87,4.23,1.50,1.17,0.46,3.03,1.27,3.27,1.46,2.80,1.35,1.93,1.28,"torment",1
827,"torturado",1.37,0.96,7.38,2.08,5.37,1.20,1.00,0.00,4.27,1.01,4.20,1.00,4.50,1.01,3.40,1.40,"tortured",1
828,"torturar",1.17,0.38,8.13,1.48,5.80,1.22,1.00,0.00,4.62,0.78,3.90,1.47,4.55,1.06,3.93,1.46,"to torture",2
829,"tosco",3.62,1.29,4.07,1.91,3.87,1.59,1.14,0.44,1.76,1.12,1.97,1.05,1.62,0.98,1.97,1.15,"coarse",3
830,"trabajador",6.73,1.98,5.77,2.54,5.05,1.49,3.47,1.48,1.17,0.46,1.27,0.58,1.47,1.07,1.13,0.35,"worker",1
831,"trabajar",6.03,2.61,6.83,2.09,5.18,1.70,3.40,1.33,1.63,1.07,1.93,1.11,1.80,1.10,1.63,1.03,"to work",2
832,"traición",1.33,0.55,6.37,2.11,5.18,1.62,1.03,0.18,4.20,0.89,3.93,1.20,3.20,1.42,3.17,1.60,"treason",1
833,"tramposo",3.00,2.05,5.80,2.07,4.62,1.50,1.30,0.53,3.63,1.16,2.50,1.28,1.80,1.03,2.77,1.30,"cheater",1
834,"tranquilidad",7.53,1.83,2.97,2.71,4.85,1.67,4.07,1.01,1.10,0.40,1.30,0.70,1.17,0.46,1.07,0.37,"tranquility",1
835,"transferible",4.60,1.04,4.13,1.76,3.57,1.84,1.77,1.07,1.43,0.94,1.50,1.04,1.77,1.22,1.53,0.94,"transferable",1
836,"translúcido",4.97,1.47,3.37,1.74,4.35,1.91,1.90,1.03,1.23,0.63,1.37,0.81,1.47,0.94,1.27,0.64,"translucent",1
837,"trastorno",2.37,1.81,5.83,1.97,3.72,1.70,1.07,0.25,2.07,1.34,3.47,1.04,3.07,1.23,1.47,1.17,"disorder",1
838,"tránsfuga",3.00,1.85,5.41,2.36,3.83,1.43,1.32,0.72,2.32,1.32,2.64,1.43,2.55,1.26,1.91,1.31,"fugitive",1
839,"tristeza",1.87,1.61,3.73,2.12,4.13,1.82,1.00,0.00,1.97,1.03,4.93,0.37,2.43,1.33,1.63,0.93,"sadness",1
840,"triturar",4.03,1.13,5.00,2.27,5.28,1.20,1.41,0.82,1.90,1.37,1.72,1.00,2.10,1.47,2.17,1.36,"to grind",1
841,"triunfador",8.03,0.96,7.03,1.40,4.88,1.28,4.47,0.97,1.17,0.46,1.10,0.31,1.50,0.78,1.17,0.46,"winner",1
842,"triunfar",8.21,1.50,7.76,1.41,4.47,1.67,4.55,1.06,1.17,0.76,1.00,0.00,1.72,0.96,1.07,0.26,"to triumph",1
843,"tubería",4.03,1.49,3.03,1.76,5.97,1.51,1.10,0.31,1.10,0.40,1.20,0.48,1.33,0.71,2.73,1.60,"pipeline",1
844,"tumbona",7.13,1.41,3.10,2.44,6.60,1.11,3.47,1.33,1.03,0.18,1.17,0.46,1.07,0.25,1.07,0.37,"deck chair",1
845,"turbulento",3.00,1.51,5.93,2.36,4.16,1.49,1.31,0.66,1.93,1.19,1.86,0.88,3.28,1.10,1.62,0.90,"turbulent",1
846,"unión",6.97,1.43,5.03,2.14,4.02,1.34,3.67,1.49,1.20,0.55,1.33,0.92,1.53,0.97,1.13,0.43,"union",1
847,"universal",5.70,1.53,4.23,2.16,3.18,1.79,2.30,1.21,1.10,0.40,1.27,0.58,1.50,0.78,1.07,0.37,"universal",1
848,"vacío",3.30,1.76,4.27,2.52,3.50,2.00,1.10,0.40,1.60,0.93,3.87,1.20,3.10,1.58,1.60,1.04,"empty",1
849,"vago",2.17,1.44,3.73,2.56,5.28,1.45,1.13,0.43,2.33,1.27,2.50,1.25,1.57,0.90,1.87,1.11,"lazy",3
850,"valor",6.80,2.09,5.63,2.41,3.85,1.49,3.33,1.45,1.47,0.97,1.23,0.77,2.03,1.19,1.10,0.40,"courage",1
851,"vapor",5.23,1.36,4.23,1.79,5.48,1.43,1.52,0.87,1.31,0.76,1.24,0.64,1.72,0.96,1.48,0.87,"steam",1
852,"vaso",4.73,1.36,3.17,1.66,5.82,1.51,1.33,0.66,1.07,0.25,1.13,0.43,1.07,0.25,1.27,0.69,"glass",1
853,"vegetación",7.10,1.88,4.53,2.19,4.40,1.82,3.53,1.36,1.13,0.57,1.37,0.81,1.53,0.82,1.10,0.40,"vegetation",1
854,"vejatorio",2.04,1.43,6.20,2.18,4.75,1.46,1.44,1.12,3.30,1.61,3.63,1.15,2.81,1.52,2.93,1.73,"hurtful",1
855,"velas",6.17,1.78,4.07,2.32,6.18,1.10,2.93,1.31,1.10,0.55,2.00,1.20,1.60,1.10,1.10,0.40,"candles",1
856,"vencer",7.63,1.33,7.07,1.76,4.68,1.64,4.10,1.14,1.43,0.82,1.43,0.86,1.70,0.88,1.23,0.50,"to beat",2
857,"verano",8.37,1.02,6.73,2.50,5.43,1.75,4.63,0.81,1.07,0.37,1.13,0.35,1.17,0.53,1.17,0.46,"summer",1
858,"verbalizar",5.13,0.97,4.27,1.93,4.73,1.49,1.52,0.87,1.07,0.26,1.07,0.26,1.17,0.54,1.00,0.00,"to verbalize",0
859,"vergüenza",2.83,1.88,6.57,2.21,4.47,1.52,1.48,0.96,2.48,1.29,2.97,1.33,3.42,1.36,2.10,1.25,"shame / embarrassment",1
860,"versionar",5.20,1.10,4.30,1.70,4.10,1.45,1.83,1.14,1.45,0.87,1.31,0.71,1.17,0.47,1.17,0.47,"to adapt",0
861,"viajar",8.27,0.83,7.30,1.51,5.00,1.27,4.57,0.68,1.13,0.43,1.23,0.43,2.00,0.95,1.30,0.65,"to travel",1
862,"viajero",7.72,1.48,6.83,1.49,5.30,1.34,4.13,1.07,1.10,0.40,1.30,0.70,1.83,0.99,1.17,0.46,"traveler",1
863,"victorioso",7.77,1.45,7.27,1.48,5.13,1.19,4.60,0.56,1.17,0.46,1.10,0.40,1.40,0.86,1.07,0.25,"victorious",1
864,"viejo",4.27,1.86,3.57,1.72,4.85,1.77,2.23,1.22,1.63,1.10,3.17,1.34,2.60,1.52,1.67,1.06,"old",3
865,"violador",1.10,0.55,7.80,1.79,6.38,0.77,1.00,0.00,4.57,0.82,4.17,1.05,4.63,0.72,4.50,0.97,"rapist",1
866,"violar",1.10,0.31,8.27,1.36,6.08,1.06,1.00,0.00,4.83,0.47,4.38,1.18,4.48,1.18,4.62,0.94,"to rape",1
867,"visualizar",5.66,1.32,4.41,1.99,3.87,1.84,1.97,1.02,1.21,0.56,1.41,0.63,1.45,0.63,1.24,0.58,"to visualize",1
868,"viudo",2.03,1.22,3.77,1.79,5.93,1.36,1.13,0.73,2.10,1.21,4.20,0.96,2.97,1.19,1.37,0.72,"widow",1
869,"vocalizar",5.10,1.03,3.83,1.91,5.90,1.04,1.55,0.83,1.24,0.83,1.10,0.56,1.10,0.56,1.00,0.00,"to enunciate",2
870,"volar",7.55,1.09,7.06,1.65,5.46,1.28,4.17,0.87,1.10,0.31,1.17,0.46,2.13,1.25,1.07,0.25,"to fly",1
871,"voltear",4.83,1.09,3.77,2.18,4.31,1.38,1.43,0.92,1.18,0.67,1.18,0.55,1.32,0.77,1.00,0.00,"to turn (over)",1
872,"voluptuoso",5.07,1.53,4.70,2.12,4.13,1.70,2.10,1.08,1.17,0.38,1.28,0.65,1.41,0.87,1.24,0.69,"voluptuous",1
873,"votar",5.52,1.67,4.58,1.78,5.55,1.08,2.43,1.36,1.57,0.90,1.33,0.66,1.73,0.94,1.30,0.65,"to vote",1
874,"yoga",7.33,1.63,2.40,2.36,6.15,0.78,3.00,1.20,1.10,0.55,1.23,0.68,1.03,0.18,1.13,0.73,"yoga",1
875,"zopenco",3.33,1.88,5.07,2.26,4.68,1.72,1.43,0.90,1.83,1.05,2.37,1.25,1.57,1.01,1.50,0.90,"stupid",1
