id,palabra,tiempo_tdl,tiempo_naming,edad_de_adquisicion_m,categoria_palabra
1,"abad",599,501.15,6.32,1
2,"abandonar",545,501.06,3.44,2
3,"abarcar",581,504.00,4.88,1
4,"abeja",516,474.55,2.24,1
5,"aberración",647,567.37,6.42,1
6,"abertura",555,519.02,4.48,1
7,"abismo",595,506.48,5.04,1
8,"abrigo",528,475.31,1.46,1
9,"abril",515,458.69,2.48,1
10,"abrir",491,472.43,2.04,2
11,"absorber",583,525.46,4.52,1
12,"abuelo",482,500.19,1.58,1
13,"abundancia",634,547.62,4.52,1
14,"academia",569,521.75,4.72,1
15,"académico",556,551.52,4.84,1
16,"acariciar",567,527.49,2.32,1
17,"acarrear",600,532.59,5.68,2
18,"acceder",555,526.96,5.12,1
19,"acceso",556,488.70,5.20,1
20,"accidente",568,514.75,3.60,1
21,"acción",510,451.90,4.00,1
22,"aceite",517,483.91,3.60,1
23,"acelerar",545,547.04,4.28,1
24,"acento",557,485.06,3.92,1
25,"acentuar",583,524.35,4.68,1
26,"acepción",578,556.25,6.17,1
27,"acequia",623,574.24,6.08,1
28,"acera",526,483.75,2.81,1
29,"acero",538,475.00,4.20,1
30,"acertar",559,505.92,2.64,2
31,"ácido",552,483.21,4.16,1
32,"acomodar",579,528.68,4.56,1
33,"acordeón",587,558.00,3.65,1
34,"actividad",543,508.59,3.20,1
35,"activo",551,486.21,4.00,3
36,"acto",517,477.25,3.86,1
37,"actor",504,485.42,3.12,1
38,"actriz",506,499.46,3.76,1
39,"actuar",518,484.37,3.40,2
40,"acudir",564,490.94,4.52,1
41,"acumular",543,532.83,4.28,1
42,"acústica",557,526.92,5.37,1
43,"adaptar",505,503.66,4.84,1
44,"adelantar",562,524.92,3.88,1
45,"ademán",583,497.62,6.11,1
46,"adhesión",673,543.24,6.03,1
47,"adicción",577,525.75,5.49,1
48,"adjetivo",531,526.35,3.88,0
49,"admitir",531,495.13,4.40,1
50,"adquirir",595,498.17,4.72,1
51,"aduana",619,532.94,6.04,1
52,"adulto",520,464.43,3.12,1
53,"advertir",559,533.29,4.84,1
54,"aérea",581,552.00,4.60,1
55,"afán",596,482.62,5.80,1
56,"afecto",548,491.54,4.20,1
57,"afeitar",546,521.67,3.84,1
58,"afición",588,508.66,4.16,1
59,"afrontar",567,527.60,4.88,1
60,"agencia",528,525.09,5.08,1
61,"agenda",518,493.74,3.96,1
62,"agente",520,495.73,4.64,1
63,"agonía",564,516.68,5.40,1
64,"agosto",523,487.96,2.36,1
65,"agregar",531,536.33,5.40,2
66,"agresión",542,508.06,4.65,1
67,"agua",495,482.79,1.22,1
68,"aguantar",555,504.78,2.80,1
69,"aguijón",593,584.62,4.72,1
70,"águila",580,512.96,2.54,1
71,"aguja",523,511.06,2.12,1
72,"aire",508,469.62,2.32,1
73,"ajedrez",513,529.22,3.29,1
74,"ajo",555,485.86,2.85,1
75,"ala",541,478.30,2.18,1
76,"alarma",536,492.06,3.60,1
77,"alba",523,479.02,4.52,1
78,"alborozo",570,553.83,6.28,1
79,"álbum",516,486.15,3.60,1
80,"alcalde",540,506.96,4.28,1
81,"alcanzar",522,526.71,3.84,2
82,"alcoba",593,506.58,5.36,1
83,"aldea",580,491.24,3.24,1
84,"alegoría",580,541.00,6.73,1
85,"alejar",570,461.36,3.36,1
86,"alerta",546,469.35,4.52,1
87,"alfa",576,497.30,6.44,1
88,"alfabeto",543,514.22,2.44,1
89,"alfombra",559,519.78,2.40,1
90,"algarabía",693,602.09,5.92,1
91,"alimentar",526,515.90,2.44,1
92,"alimento",513,493.31,2.31,1
93,"alma",516,479.62,4.62,1
94,"almadraba",692,596.71,6.56,1
95,"almendra",575,515.79,3.08,1
96,"almidón",578,518.58,6.88,1
97,"almohada",589,562.52,2.30,1
98,"almuerzo",550,512.46,3.80,1
99,"alquilar",529,511.00,4.52,1
100,"altar",553,491.32,3.96,1
101,"aludir",606,467.58,5.64,1
102,"alumbrar",567,509.60,4.16,2
103,"aluminio",529,502.43,5.24,1
104,"alumno",524,479.06,2.96,1
105,"alzar",519,491.08,4.32,1
106,"amanecer",542,517.54,3.24,1
107,"amar",491,479.00,3.04,2
108,"ámbar",570,486.76,4.76,1
109,"ambición",565,507.11,5.27,1
110,"ambiente",544,506.27,4.36,1
111,"ámbito",546,478.37,5.48,1
112,"amenazar",553,535.63,3.96,2
113,"amigo",484,466.22,2.68,3
114,"amistad",491,506.44,2.88,1
115,"amo",554,475.65,3.56,1
116,"amor",482,450.22,3.48,1
117,"ampliar",498,501.02,4.80,1
118,"amplitud",558,514.17,5.06,1
119,"análisis",515,513.26,5.00,1
120,"analizar",552,508.69,4.72,2
121,"analogía",630,516.53,6.76,1
122,"anatomía",553,510.62,5.60,1
123,"ancla",608,481.13,3.12,1
124,"andar",516,494.59,1.68,2
125,"andén",592,487.44,5.72,1
126,"anécdota",612,523.80,5.06,1
127,"anfitrión",644,554.63,5.15,1
128,"ángel",510,488.98,2.29,1
129,"ángulo",501,494.43,4.24,1
130,"angustia",552,534.75,6.04,1
131,"anhelo",616,527.75,5.56,1
132,"anillo",498,478.42,2.47,1
133,"animal",474,494.98,1.58,1
134,"animar",512,463.89,3.36,2
135,"ánimo",519,490.43,4.48,1
136,"anís",607,516.85,5.16,1
137,"ánodo",516,546.29,6.69,1
138,"anotar",533,491.26,4.36,1
139,"ansia",559,504.02,5.20,1
140,"ansiedad",558,522.63,6.20,1
141,"antecesor",648,584.82,5.16,1
142,"antena",534,472.45,3.32,1
143,"antesala",649,596.19,5.54,1
144,"anticuario",615,553.29,5.48,1
145,"antídoto",618,568.02,5.19,1
146,"antojo",597,495.22,5.12,1
147,"antología",616,565.84,6.44,1
148,"antorcha",620,526.61,4.11,1
149,"anunciar",544,506.57,4.00,1
150,"añadidura",605,559.62,6.00,1
151,"añadir",521,483.92,4.04,1
152,"añicos",661,527.68,4.52,1
153,"año",504,476.69,1.64,1
154,"aparador",579,522.79,5.32,1
155,"aparato",535,495.54,4.08,1
156,"aparecer",536,513.73,2.64,2
157,"apelativo",592,544.09,5.77,1
158,"apéndice",576,521.40,5.27,1
159,"aperitivo",543,516.49,4.12,1
160,"apertura",544,492.94,4.62,1
161,"ápice",595,516.25,6.79,1
162,"aplaudir",541,503.00,2.20,1
163,"apogeo",574,519.56,5.84,1
164,"apóstol",581,531.29,4.69,1
165,"apoteosis",682,572.49,6.34,1
166,"apoyar",540,481.45,4.04,1
167,"aprender",521,497.60,2.80,2
168,"aprovechar",544,523.57,4.12,1
169,"araña",534,473.85,1.92,1
170,"árbol",514,467.18,1.70,1
171,"arca",525,485.85,4.12,1
172,"archivo",509,496.88,4.24,1
173,"arco",531,471.48,3.22,1
174,"ardor",559,482.83,5.48,1
175,"área",509,501.98,4.67,1
176,"arena",522,486.85,2.56,1
177,"argot",661,491.40,6.63,1
178,"argumentar",583,524.91,5.28,1
179,"argumento",559,520.42,4.63,1
180,"aritmética",647,604.44,6.12,1
181,"arma",546,470.96,3.23,1
182,"armar",552,466.29,4.04,1
183,"armazón",594,536.98,5.52,1
184,"armonía",543,515.90,5.00,1
185,"aroma",547,485.11,4.04,1
186,"arquetipo",629,562.79,6.69,1
187,"arrancar",539,504.70,2.92,1
188,"arrebato",570,499.82,5.20,1
189,"arreglar",497,509.08,4.06,1
190,"arroyo",548,488.77,4.23,1
191,"arroz",501,467.80,2.16,1
192,"arruinar",576,535.09,4.64,1
193,"arte",488,475.15,4.20,1
194,"artefacto",646,586.79,5.80,1
195,"articular",546,514.08,5.00,1
196,"artículo",540,521.11,4.46,1
197,"artificio",593,553.12,5.83,1
198,"artilugio",664,570.41,5.27,1
199,"arzobispo",653,602.78,5.32,1
200,"asamblea",611,525.10,5.24,1
201,"ascender",546,530.47,4.64,1
202,"ascensor",561,517.12,2.69,1
203,"ascética",652,614.75,6.48,1
204,"asco",517,470.94,2.27,1
205,"asesor",588,537.24,5.79,1
206,"asignatura",554,516.19,3.92,1
207,"asilo",596,508.26,4.92,1
208,"asistencia",600,522.98,4.48,1
209,"asistir",562,533.58,4.40,1
210,"asma",576,466.37,4.35,1
211,"astucia",589,520.90,5.21,1
212,"asumir",520,483.08,5.08,1
213,"asunto",507,461.92,4.11,1
214,"atar",571,476.60,2.28,1
215,"atardecer",593,545.13,3.92,1
216,"ataúd",576,488.00,4.36,1
217,"atisbar",668,546.76,6.04,2
218,"atlas",566,532.48,4.48,1
219,"atleta",545,526.70,4.36,1
220,"atmósfera",574,573.48,4.40,1
221,"átomo",558,489.22,6.24,1
222,"atraer",546,475.79,4.76,1
223,"atrapar",542,519.41,3.56,1
224,"atribuir",576,527.62,4.88,1
225,"atún",497,494.69,3.12,1
226,"audiencia",571,563.50,5.68,1
227,"auditorio",599,519.30,5.88,1
228,"auge",606,496.78,5.86,1
229,"aula",520,491.00,3.24,1
230,"aumentar",525,529.78,3.84,1
231,"aumento",528,493.74,4.56,1
232,"aura",632,503.49,5.54,1
233,"aurora",551,515.15,4.64,1
234,"autómata",611,549.70,6.61,1
235,"autonomía",595,560.98,5.23,1
236,"autor",488,462.25,3.96,1
237,"autoridad",570,523.10,4.62,1
238,"auxiliar",571,525.98,4.68,1
239,"auxilio",566,525.81,4.40,1
240,"avalancha",630,549.87,4.56,1
241,"avanzar",511,496.98,3.28,2
242,"avaricia",575,524.89,5.48,1
243,"avaro",608,521.51,5.32,1
244,"ave",502,489.30,2.45,1
245,"aventura",501,498.96,3.08,1
246,"aversión",562,503.66,6.61,1
247,"avestruz",565,491.08,3.58,1
248,"avión",492,462.17,2.33,1
249,"aviso",491,458.96,3.65,1
250,"ayudar",508,464.77,2.56,1
251,"azar",542,479.37,4.51,1
252,"azote",559,476.37,2.96,1
253,"azotea",617,510.09,4.68,1
254,"azúcar",511,485.65,2.56,1
255,"azufre",555,477.86,5.54,1
256,"baba",541,508.31,1.88,1
257,"bacteria",586,533.33,5.09,1
258,"bahía",590,521.62,4.32,1
259,"bailar",519,481.53,2.48,1
260,"bajo",493,490.40,2.32,3
261,"bala",522,502.30,3.57,1
262,"balanza",550,513.31,3.03,1
263,"balcón",554,498.10,4.16,1
264,"ballena",539,533.21,3.19,1
265,"balneario",639,569.60,4.76,1
266,"bambú",568,526.88,4.12,1
267,"banco",527,478.62,2.22,1
268,"banda",531,505.35,4.40,1
269,"bando",591,514.52,4.36,1
270,"banquete",578,530.62,4.00,1
271,"baño",516,477.62,1.65,1
272,"bar",494,501.96,2.23,1
273,"baraja",542,493.70,3.68,1
274,"baranda",642,565.16,5.52,1
275,"barba",523,507.43,2.32,1
276,"barbarie",615,574.73,5.84,1
277,"barco",495,486.45,2.09,1
278,"barniz",578,511.28,4.72,1
279,"barra",488,495.06,3.40,1
280,"barranco",543,521.00,4.20,1
281,"barrer",546,508.51,3.08,1
282,"barrio",521,513.89,3.76,1
283,"barro",518,477.21,2.44,1
284,"barroco",537,525.49,5.76,3
285,"base",518,501.72,3.91,1
286,"basílica",614,560.87,5.60,1
287,"bastardo",614,554.23,5.68,1
288,"bastón",530,489.26,2.71,1
289,"bata",547,506.39,2.80,1
290,"batir",552,492.74,3.64,2
291,"baúl",505,499.77,3.09,1
292,"bayeta",600,520.70,4.20,1
293,"beata",667,533.10,5.84,1
294,"beatitud",489,584.37,6.23,1
295,"bebé",482,478.52,1.82,1
296,"beber",482,475.94,1.56,1
297,"bedel",692,530.88,5.80,1
298,"belén",511,483.59,2.50,1
299,"beneficio",540,537.69,5.48,1
300,"besar",500,485.90,2.20,1
301,"beso",494,490.76,2.12,1
302,"bestia",550,505.73,3.44,1
303,"biblia",583,531.22,3.62,1
304,"biblioteca",554,544.87,3.55,1
305,"bíceps",598,585.67,5.52,1
306,"bicho",507,515.02,2.12,1
307,"bicicleta",511,513.74,2.11,1
308,"bien",478,496.62,1.68,1
309,"bigote",546,494.22,2.35,1
310,"bingo",608,518.13,4.28,1
311,"biografía",534,538.02,5.08,1
312,"blanco",489,498.04,1.96,3
313,"blasfemia",687,591.28,5.91,1
314,"bloque",533,489.55,3.81,1
315,"blusa",582,508.54,2.69,1
316,"bobina",577,510.67,6.12,1
317,"boca",479,488.40,1.52,1
318,"bocado",575,522.92,3.56,1
319,"bocanada",709,592.47,5.20,1
320,"bochorno",643,563.35,5.96,1
321,"bocina",625,512.88,3.70,1
322,"bodega",539,515.48,4.40,1
323,"boina",633,508.21,3.44,1
324,"bola",550,501.04,2.24,1
325,"bolsa",483,485.70,2.82,1
326,"bolso",528,483.55,2.39,1
327,"bomba",495,525.07,3.52,1
328,"bonanza",615,559.98,5.40,1
329,"bondad",563,513.63,3.89,1
330,"borde",521,492.19,4.00,1
331,"borrachera",589,552.02,5.00,1
332,"borracho",520,515.70,3.96,1
333,"bosque",496,498.84,2.20,1
334,"bota",526,478.90,1.92,1
335,"botánico",560,552.42,5.72,3
336,"botella",511,505.66,2.01,1
337,"bóveda",587,546.11,5.80,1
338,"brasa",560,496.48,4.00,1
339,"brazo",519,492.36,1.43,1
340,"brecha",606,514.21,4.36,1
341,"brevedad",580,558.25,4.63,1
342,"brisa",532,493.28,4.16,1
343,"broche",555,498.77,4.36,1
344,"broma",508,480.90,3.20,1
345,"bronca",515,495.02,3.20,1
346,"bronce",524,506.65,4.84,1
347,"brotar",610,494.33,5.00,1
348,"bruja",496,486.85,2.06,1
349,"brujo",515,492.62,3.40,1
350,"bruma",582,525.40,5.04,1
351,"buey",518,528.22,2.62,1
352,"búfalo",571,532.16,3.94,1
353,"bufanda",578,557.93,2.28,1
354,"búho",557,535.15,2.69,1
355,"bulto",594,514.63,3.96,1
356,"buque",599,517.38,4.69,1
357,"burdel",651,535.88,6.00,1
358,"burla",546,507.12,3.60,1
359,"burlón",581,516.96,4.40,1
360,"buscar",480,469.94,2.28,2
361,"busto",561,505.37,5.40,1
362,"butaca",542,509.19,4.68,1
363,"butifarra",714,596.67,5.52,1
364,"buzón",508,473.08,2.96,1
365,"cabalgata",592,552.45,2.56,1
366,"caballero",503,485.63,3.17,1
367,"caballo",485,504.69,1.67,1
368,"cabaña",532,506.90,3.44,1
369,"cabeza",488,484.15,1.92,1
370,"cable",536,500.87,3.12,1
371,"cabo",556,484.65,5.00,1
372,"cabra",530,484.69,2.52,1
373,"cachorro",518,544.08,3.04,1
374,"cactus",620,521.15,3.83,1
375,"cadáver",520,536.00,4.64,1
376,"cadena",547,510.19,2.73,1
377,"cadencia",586,569.11,6.40,1
378,"cadera",521,510.15,4.00,1
379,"caer",534,488.92,2.48,2
380,"café",500,464.94,2.81,1
381,"caja",499,465.58,1.79,1
382,"cal",502,480.70,6.00,1
383,"calabozo",617,555.02,4.32,1
384,"calamidad",611,543.89,5.24,1
385,"calavera",559,526.17,3.80,1
386,"cálculo",507,535.92,3.63,1
387,"caldo",556,502.36,3.20,1
388,"calendario",513,541.96,2.91,1
389,"calentar",501,529.85,2.92,1
390,"calidad",512,484.91,4.92,1
391,"calificar",579,546.08,4.40,1
392,"cáliz",510,524.86,4.34,1
393,"callar",525,474.73,1.96,2
394,"calle",491,493.27,2.28,1
395,"callo",544,502.26,4.64,1
396,"calor",491,470.94,2.48,1
397,"calvario",580,542.56,5.56,1
398,"calvo",509,482.75,2.76,3
399,"cama",477,480.53,1.31,1
400,"cámara",502,495.72,3.56,1
401,"camarero",527,523.94,2.43,1
402,"camino",508,493.32,2.32,1
403,"camión",528,485.60,2.27,1
404,"camisa",485,492.88,2.65,1
405,"campana",520,522.48,1.87,1
406,"campaña",518,518.17,5.08,1
407,"campeón",492,503.67,2.84,1
408,"campo",509,476.98,2.92,1
409,"canal",548,483.42,4.16,1
410,"cáncer",489,507.36,5.28,1
411,"candado",598,574.51,3.83,1
412,"candidato",576,542.58,5.68,1
413,"candil",616,514.58,5.28,1
414,"canela",529,510.09,3.76,1
415,"canon",581,536.55,6.17,1
416,"cantar",504,502.94,1.88,2
417,"cantidad",507,499.19,4.04,1
418,"cantina",606,529.94,5.08,1
419,"caoba",653,537.71,5.80,1
420,"caos",632,492.77,4.76,1
421,"capa",492,479.83,3.16,1
422,"capacidad",526,519.70,4.26,1
423,"capellán",598,544.13,5.35,1
424,"capital",511,487.80,3.64,1
425,"capitán",496,485.70,3.44,1
426,"capítulo",521,501.13,3.56,1
427,"capote",601,514.23,4.72,1
428,"capricho",538,509.81,3.20,1
429,"captar",542,516.27,4.16,1
430,"capturar",516,528.92,4.52,1
431,"capucha",553,530.25,2.70,1
432,"cara",498,478.91,1.80,1
433,"carácter",511,523.34,4.34,1
434,"caravana",567,543.73,3.75,1
435,"carbón",523,477.20,4.00,1
436,"carcajada",578,522.48,4.36,1
437,"cárcel",500,508.24,3.58,1
438,"carecer",573,542.98,4.68,1
439,"carencia",621,543.49,5.50,1
440,"cargar",526,496.47,4.58,1
441,"caricatura",601,552.73,4.00,1
442,"cariño",484,490.17,2.81,1
443,"carmín",560,499.60,5.08,1
444,"carnaval",530,523.87,2.56,1
445,"carne",499,481.88,2.32,1
446,"carnero",547,540.48,4.20,1
447,"carpeta",509,506.19,2.36,1
448,"carpintero",546,542.88,3.20,1
449,"carro",527,494.02,3.12,1
450,"carromato",644,633.40,5.88,1
451,"carruaje",594,544.62,4.52,1
452,"carta",493,475.41,2.54,1
453,"cartel",501,490.31,3.48,1
454,"cartulina",593,531.25,2.48,1
455,"casa",480,485.92,1.43,1
456,"casar",505,498.13,3.36,2
457,"cascabel",599,557.69,2.96,1
458,"cascada",525,554.90,3.16,1
459,"casino",527,485.48,4.76,1
460,"caso",541,482.19,3.21,1
461,"casta",583,510.09,6.00,1
462,"castaño",500,506.67,3.28,3
463,"castigar",512,517.77,2.80,1
464,"castillo",503,499.24,2.31,1
465,"casual",553,513.18,4.56,1
466,"catástrofe",582,540.48,4.96,1
467,"catecismo",675,580.65,4.08,1
468,"categoría",546,532.88,4.58,1
469,"católica",546,528.39,4.04,1
470,"católico",533,533.28,4.00,3
471,"catre",560,538.29,5.84,1
472,"cauce",596,495.04,4.64,1
473,"caudal",581,505.06,5.04,1
474,"caudillo",583,528.68,6.00,1
475,"causar",541,484.70,4.08,1
476,"cautela",592,555.32,5.60,1
477,"cavidad",585,510.17,6.04,1
478,"cavilar",637,521.40,6.28,2
479,"cazar",519,489.70,3.52,2
480,"cebo",570,514.06,4.31,1
481,"cebolla",494,529.21,2.83,1
482,"ceder",586,519.96,4.84,1
483,"ceja",564,521.98,2.34,1
484,"celda",534,506.61,4.24,1
485,"celebrar",525,534.47,2.44,1
486,"celeridad",544,603.51,6.37,1
487,"celo",564,508.29,3.74,1
488,"celofán",659,595.02,5.19,1
489,"célula",509,523.47,5.52,1
490,"celulosa",595,576.44,6.09,1
491,"cementerio",561,573.06,3.80,1
492,"cena",472,489.02,1.84,1
493,"cenicero",549,570.06,3.53,1
494,"ceniza",557,538.06,3.92,1
495,"censo",523,500.62,6.24,1
496,"censura",550,530.50,5.24,1
497,"centro",529,485.08,3.00,1
498,"cera",496,476.86,3.36,1
499,"cerámica",553,568.50,4.60,1
500,"cerdo",521,500.21,2.15,1
501,"cerebro",493,493.42,3.70,1
502,"ceremonia",574,553.70,4.88,1
503,"cerrar",523,510.40,2.24,2
504,"cerro",542,516.34,5.92,1
505,"cesar",545,490.55,4.92,1
506,"césped",540,530.70,3.48,1
507,"cesta",542,514.76,2.38,1
508,"cetro",552,525.53,5.76,1
509,"champán",532,526.94,4.38,1
510,"chapa",514,505.41,3.31,1
511,"chaqueta",562,528.79,1.87,1
512,"charco",543,519.88,2.35,1
513,"charlar",527,532.06,3.04,2
514,"charlatán",587,561.33,3.84,1
515,"chata",561,504.58,4.12,1
516,"chaval",527,503.76,4.00,1
517,"cheque",586,517.02,4.92,1
518,"chica",504,480.34,2.20,1
519,"chicle",527,528.10,2.36,1
520,"chico",477,495.54,2.12,1
521,"chimenea",577,525.46,2.57,1
522,"chip",538,506.31,5.39,1
523,"chispa",532,502.65,3.04,1
524,"chivo",636,522.29,5.84,1
525,"chocar",508,493.22,2.84,1
526,"chocolate",506,515.00,2.00,1
527,"chófer",582,512.43,4.46,1
528,"chorro",507,511.18,3.32,1
529,"choza",587,501.41,4.12,1
530,"chulo",534,502.06,3.60,1
531,"cicatriz",570,561.93,3.64,1
532,"ciclo",566,509.00,4.11,1
533,"ciclón",618,543.57,4.76,1
534,"ciego",496,494.91,3.11,3
535,"cielo",494,496.38,2.00,1
536,"científico",548,549.83,4.36,3
537,"ciervo",523,503.42,2.29,1
538,"cifra",584,518.23,3.48,1
539,"cigarro",536,541.43,3.88,1
540,"cilindro",594,551.40,4.68,1
541,"cima",538,535.54,3.40,1
542,"cinc",627,537.04,5.71,1
543,"cine",457,500.61,2.96,1
544,"cinta",530,493.87,2.81,1
545,"cintura",530,522.62,3.20,1
546,"cinturón",531,532.77,2.77,1
547,"circo",514,522.57,1.89,1
548,"circuito",539,573.79,3.96,1
549,"círculo",556,524.06,2.26,1
550,"cisne",599,512.34,2.77,1
551,"cisterna",635,571.79,3.76,1
552,"citar",551,524.79,4.96,1
553,"ciudad",487,496.02,2.55,1
554,"civil",521,513.79,4.88,1
555,"clamor",571,511.22,5.85,1
556,"clan",554,503.19,4.80,1
557,"claro",496,491.85,2.88,3
558,"clase",507,486.73,2.48,1
559,"clasificar",534,499.59,4.36,1
560,"claustro",561,514.16,6.08,1
561,"clave",512,501.28,3.94,1
562,"clavel",510,501.00,3.76,1
563,"clavo",500,480.60,3.00,1
564,"clero",533,530.63,5.65,1
565,"clientela",700,583.15,4.92,1
566,"clima",536,521.02,4.48,1
567,"cloro",504,514.31,4.36,1
568,"club",500,506.80,4.12,1
569,"cobertizo",596,533.16,4.80,1
570,"cobijo",590,540.18,4.76,1
571,"cobrar",520,518.82,4.08,1
572,"coche",523,489.94,1.65,1
573,"cocina",504,475.56,1.61,1
574,"código",499,528.98,4.64,1
575,"codo",514,506.62,2.16,1
576,"coger",502,480.69,2.16,2
577,"cogote",602,539.41,4.36,1
578,"coherencia",618,573.29,5.71,1
579,"cohesión",572,545.92,6.37,1
580,"cohete",552,519.78,3.00,1
581,"cojín",523,479.30,2.56,1
582,"cola",500,483.45,2.31,1
583,"colaborar",559,535.74,4.12,1
584,"colcha",561,541.84,3.77,1
585,"colección",536,513.16,3.32,1
586,"colectivo",549,538.76,5.00,1
587,"colega",506,508.16,4.40,1
588,"cólera",554,502.84,5.32,1
589,"colina",558,499.12,3.96,1
590,"colisión",576,534.34,5.20,1
591,"collar",513,489.12,2.42,1
592,"colmo",535,513.17,5.14,1
593,"colocar",507,524.33,3.36,2
594,"coloquio",559,523.62,6.00,1
595,"color",490,520.35,2.32,1
596,"combatir",564,519.13,4.60,1
597,"combustión",582,548.75,5.48,1
598,"comentar",518,531.19,4.20,2
599,"comenzar",518,510.19,3.56,1
600,"comer",490,488.60,1.68,2
601,"comercio",519,518.47,4.56,1
602,"cometa",503,519.86,2.65,1
603,"cómico",527,506.75,3.92,1
604,"comisario",532,523.08,4.48,1
605,"comité",544,507.98,5.92,1
606,"comitiva",565,554.79,6.37,1
607,"cómoda",505,520.09,4.16,1
608,"compadre",634,570.44,6.28,1
609,"comparar",517,553.70,4.48,1
610,"compartir",543,525.80,3.04,1
611,"compasión",517,518.81,4.84,1
612,"compensar",579,510.62,4.80,1
613,"competir",514,511.21,3.60,1
614,"complacer",524,515.30,4.80,1
615,"cómplice",573,517.67,4.84,1
616,"componer",540,527.58,5.04,1
617,"compostura",600,547.41,5.16,1
618,"comprobar",541,518.04,4.12,1
619,"compromiso",555,542.69,4.37,1
620,"compuesto",528,528.08,4.16,1
621,"comulgar",625,560.10,4.40,1
622,"comunicar",510,527.75,4.36,2
623,"comunidad",541,525.04,4.32,1
624,"comunión",526,522.32,3.64,1
625,"concebir",582,533.66,5.12,1
626,"conceder",567,558.18,5.20,1
627,"concepto",549,523.06,4.43,1
628,"conciencia",569,554.43,4.70,1
629,"concluir",543,524.11,5.32,1
630,"concordia",606,574.06,5.97,1
631,"concurso",548,526.73,3.72,1
632,"condenar",552,561.02,5.00,2
633,"condición",546,541.60,4.58,1
634,"conducir",504,515.63,2.96,2
635,"conducta",532,527.64,4.51,1
636,"conductor",518,539.27,3.49,1
637,"conectar",533,531.85,5.12,1
638,"conejo",518,486.29,2.02,1
639,"confesar",508,520.35,4.20,1
640,"confesión",562,509.15,4.50,1
641,"confidente",618,550.50,5.08,1
642,"configurar",540,547.12,4.92,1
643,"confirmar",524,527.65,5.24,2
644,"conflicto",565,528.15,4.73,1
645,"confundir",518,500.33,3.24,2
646,"congreso",543,531.98,6.12,1
647,"conjetura",602,544.78,6.34,1
648,"conjunción",569,548.55,4.82,0
649,"conjunto",499,491.31,4.28,3
650,"conmoción",648,587.81,5.71,1
651,"cono",533,513.79,3.96,1
652,"conocer",506,506.02,2.56,2
653,"conquistar",529,530.02,4.44,1
654,"consejo",544,490.00,4.20,1
655,"consenso",618,539.50,5.71,1
656,"conserje",609,554.04,4.28,1
657,"conserva",508,526.98,4.44,1
658,"conservar",535,527.91,4.40,2
659,"considerar",542,512.63,4.72,2
660,"constatar",568,526.57,6.00,1
661,"constituir",544,537.04,5.52,1
662,"construir",509,511.24,3.64,1
663,"cónsul",602,519.42,5.77,1
664,"consumir",520,533.68,4.60,1
665,"contagio",576,541.89,4.11,1
666,"contar",538,494.59,2.44,1
667,"contemplar",558,509.77,4.52,1
668,"contener",525,511.08,3.92,1
669,"contestar",518,510.65,2.80,1
670,"contexto",524,517.83,5.39,1
671,"continuar",512,529.00,3.28,2
672,"contribuir",592,523.78,5.12,1
673,"controlar",541,524.73,3.64,1
674,"convencer",545,539.52,3.96,1
675,"convención",578,518.44,5.92,1
676,"convento",532,519.11,4.85,1
677,"conversar",510,534.14,4.24,1
678,"conversión",541,531.78,5.46,1
679,"convertir",515,522.35,4.56,2
680,"convicción",611,544.02,5.83,1
681,"convivir",554,520.39,4.32,1
682,"cónyuge",607,546.74,5.85,1
683,"coñac",592,531.86,5.40,1
684,"copa",473,496.04,2.96,1
685,"copia",483,489.70,3.88,1
686,"copla",553,498.50,4.64,1
687,"coraje",546,513.77,5.52,1
688,"corán",602,517.57,5.96,1
689,"coraza",533,513.48,5.16,1
690,"cordel",592,532.42,3.92,1
691,"cordón",534,495.96,2.35,1
692,"coro",514,527.86,3.88,1
693,"corona",520,508.68,2.78,1
694,"corpus",617,533.16,6.00,1
695,"corregir",491,518.11,3.84,1
696,"correo",498,495.68,3.24,1
697,"correr",505,472.42,2.32,1
698,"cortar",512,495.11,2.56,2
699,"cortesana",609,560.34,5.52,1
700,"corteza",560,528.82,4.00,1
701,"cosa",528,492.50,1.83,1
702,"coser",524,487.13,3.00,1
703,"cosmos",579,517.00,6.08,1
704,"costar",532,514.29,3.28,2
705,"coste",508,495.06,4.06,1
706,"costumbre",531,497.80,4.40,1
707,"cota",655,531.92,5.66,1
708,"coyote",551,518.12,4.60,1
709,"crear",518,504.48,3.44,2
710,"crecer",519,525.69,2.08,2
711,"crédito",539,531.79,5.49,1
712,"creer",501,497.33,2.60,2
713,"crema",533,491.67,3.56,1
714,"cremallera",624,568.55,2.86,1
715,"crepúsculo",600,576.98,6.24,1
716,"cresta",570,537.38,2.93,1
717,"criatura",588,536.43,4.28,1
718,"crimen",570,488.71,4.54,1
719,"crisis",514,481.06,4.76,1
720,"crisma",566,509.96,5.60,1
721,"cristal",509,511.30,3.28,1
722,"cristiano",540,534.08,3.56,3
723,"criterio",545,527.31,5.37,1
724,"criticar",576,552.25,4.52,1
725,"cromatina",634,572.15,6.57,1
726,"cronología",607,558.30,5.46,1
727,"cruce",551,505.29,3.92,1
728,"crueldad",572,551.98,4.15,1
729,"cruzar",495,502.81,3.36,1
730,"cuadrado",521,547.98,2.06,3
731,"cuadro",510,514.61,2.22,1
732,"cualidad",576,535.92,4.67,1
733,"cuartel",546,530.29,4.62,1
734,"cuarto",513,495.85,2.92,3
735,"cuarzo",577,527.54,5.88,1
736,"cubil",593,537.88,6.32,1
737,"cubismo",608,550.37,6.23,1
738,"cubo",517,515.36,2.09,1
739,"cubrir",554,507.10,3.92,2
740,"cuchillo",535,523.55,1.81,1
741,"cuello",526,496.28,1.81,1
742,"cuenca",535,513.21,3.33,1
743,"cuenco",537,515.06,3.12,1
744,"cuerda",507,498.24,2.58,1
745,"cuerno",515,508.70,2.82,1
746,"cuero",561,528.70,3.92,1
747,"cuerpo",483,505.15,2.44,1
748,"cuesta",501,506.36,3.74,1
749,"cuestión",533,507.87,3.96,1
750,"cueva",510,499.46,2.87,1
751,"cuidar",507,525.24,2.88,2
752,"culebra",552,532.92,3.36,1
753,"culminar",561,549.90,3.24,1
754,"culpa",515,495.78,3.60,1
755,"culpable",527,537.59,4.04,1
756,"cultivar",537,530.61,3.72,1
757,"culto",528,495.45,4.64,3
758,"cumbre",534,511.35,6.11,1
759,"cúmulo",595,536.54,5.68,1
760,"cuna",520,512.88,1.71,1
761,"cuneta",654,527.28,4.88,1
762,"cuñado",543,528.09,4.44,3
763,"cuota",615,500.15,5.79,1
764,"cúpula",576,545.55,6.04,1
765,"cura",498,543.90,2.55,1
766,"curar",513,481.55,2.80,1
767,"curiosidad",556,537.56,4.09,1
768,"cursi",561,526.25,3.72,1
769,"curso",497,496.70,2.83,1
770,"curvatura",611,575.55,4.92,1
771,"cutis",606,517.17,5.16,1
772,"dado",567,510.83,2.77,1
773,"dama",516,503.49,3.19,1
774,"daño",517,502.94,2.76,1
775,"dar",528,505.08,2.36,2
776,"dardo",596,537.36,3.87,1
777,"dato",540,505.44,4.00,1
778,"deambular",678,577.04,5.79,1
779,"deber",528,511.90,3.72,2
780,"debilidad",558,547.56,4.97,1
781,"década",575,521.32,4.29,1
782,"decisión",542,560.76,3.75,1
783,"declarar",540,528.00,4.68,1
784,"dedicar",533,532.30,4.72,2
785,"dedo",505,525.12,1.19,1
786,"defender",544,526.63,3.64,1
787,"dejar",490,508.33,2.88,2
788,"delicia",581,531.31,4.62,1
789,"delito",576,520.47,4.32,1
790,"delta",642,520.86,5.06,1
791,"democracia",573,539.63,4.91,1
792,"demostrar",561,555.94,4.60,2
793,"denominar",547,538.51,5.04,2
794,"dentadura",622,543.72,3.54,1
795,"denunciar",564,554.92,4.88,2
796,"depósito",595,543.35,4.36,1
797,"depresión",544,517.56,5.64,1
798,"derecho",502,501.70,3.84,3
799,"derribar",579,541.66,4.56,1
800,"desastre",580,545.45,4.32,1
801,"descender",536,541.60,4.00,1
802,"desear",542,523.20,3.12,1
803,"desechar",633,558.61,4.92,1
804,"deseo",518,503.72,3.46,1
805,"desierto",545,536.40,3.20,3
806,"designar",571,552.06,5.24,1
807,"desistir",598,553.61,5.24,1
808,"despreciar",552,563.19,4.48,1
809,"desprecio",581,554.30,4.88,1
810,"destacar",530,556.88,4.52,1
811,"destruir",546,546.18,3.52,1
812,"desván",585,517.11,3.72,1
813,"desviar",538,533.34,5.00,1
814,"detectar",565,554.73,4.40,1
815,"detector",590,535.90,5.03,1
816,"detener",523,528.28,4.12,2
817,"determinar",545,551.15,4.68,2
818,"deuda",537,520.44,5.28,1
819,"deuterio",526,614.33,6.94,1
820,"devoción",612,546.45,5.54,1
821,"devolver",562,515.56,3.92,1
822,"devoto",652,528.57,5.68,1
823,"día",517,527.04,2.16,1
824,"diablo",506,515.13,2.89,1
825,"diagonal",568,555.66,4.40,1
826,"diagrama",585,555.45,5.68,1
827,"dialéctica",651,580.81,6.57,1
828,"dialecto",582,556.48,5.51,1
829,"diámetro",563,559.91,4.80,1
830,"diario",504,519.40,3.44,1
831,"diciembre",524,524.67,2.52,1
832,"dictado",606,584.83,3.36,1
833,"dictamen",652,581.16,6.55,1
834,"dictar",588,536.86,3.64,2
835,"diente",559,510.37,1.60,1
836,"dieta",525,508.72,4.62,1
837,"diferencia",582,539.57,2.83,1
838,"diligencia",631,569.20,5.36,1
839,"dimensión",539,519.60,4.54,1
840,"dinámica",523,535.28,5.68,1
841,"dinamismo",649,574.41,5.88,1
842,"dinero",506,517.42,2.19,1
843,"dios",488,489.37,3.00,1
844,"director",501,523.76,3.83,1
845,"discernir",694,603.71,6.00,1
846,"disciplina",544,542.98,5.80,1
847,"discípulo",578,559.27,5.08,1
848,"disco",509,500.37,3.19,1
849,"discordia",585,537.10,6.04,1
850,"discoteca",526,539.83,4.60,1
851,"discreción",617,573.47,5.26,1
852,"discurrir",557,550.74,4.64,2
853,"discurso",525,519.52,5.04,1
854,"discutir",528,510.75,3.64,1
855,"diseñar",534,530.27,4.60,1
856,"diseño",537,506.23,5.12,1
857,"disimular",559,535.48,4.40,1
858,"disminuir",585,553.30,4.76,2
859,"disparar",517,535.27,3.40,1
860,"disponer",545,513.34,4.72,1
861,"distancia",549,525.88,3.57,1
862,"distinguir",551,547.57,3.28,1
863,"distraer",565,545.40,3.92,1
864,"diván",580,520.61,6.12,1
865,"diversidad",583,564.23,5.44,1
866,"diversión",528,556.70,2.96,1
867,"dividir",539,524.08,3.68,1
868,"divinidad",578,532.94,4.58,1
869,"doctor",484,506.76,3.60,1
870,"doctrina",541,528.00,5.73,1
871,"documento",499,532.44,4.68,1
872,"dogma",610,544.26,6.18,1
873,"dolencia",575,546.20,4.92,1
874,"dolor",470,503.32,2.48,1
875,"domicilio",545,524.85,4.76,1
876,"don",579,478.06,4.11,1
877,"dormir",490,494.08,1.76,2
878,"dormitorio",530,528.02,2.64,1
879,"dorso",547,491.52,5.08,1
880,"dosis",578,505.13,5.12,1
881,"dragón",524,524.55,2.19,1
882,"drama",522,523.52,4.92,1
883,"droga",514,483.30,5.20,1
884,"ducha",497,500.70,2.03,1
885,"dudar",561,512.69,3.40,2
886,"duelo",560,498.85,5.16,1
887,"dueño",484,495.16,3.08,3
888,"dúo",581,513.21,4.16,1
889,"duque",562,531.23,4.68,1
890,"durar",530,505.69,3.20,1
891,"duro",512,496.59,3.16,3
892,"echar",521,489.33,2.52,1
893,"eco",562,471.71,3.36,1
894,"economía",548,538.17,5.27,1
895,"ecuación",565,571.35,5.35,1
896,"edad",479,489.37,2.17,1
897,"edificar",557,525.34,4.92,1
898,"edificio",530,508.62,3.52,1
899,"educar",548,482.08,4.00,1
900,"efectivo",540,541.73,4.80,3
901,"efecto",529,485.64,3.97,1
902,"efectuar",533,496.14,5.44,1
903,"eficacia",597,547.76,5.00,1
904,"efigie",566,564.61,6.68,1
905,"eje",554,506.74,6.04,1
906,"ejecutar",544,521.14,4.60,1
907,"ejecutivo",550,538.78,5.44,3
908,"ejercer",542,512.04,4.80,1
909,"ejercicio",544,525.18,3.80,1
910,"ejército",521,521.31,4.20,1
911,"elaborar",559,506.45,4.64,1
912,"elástico",581,520.79,3.88,1
913,"electrón",577,536.57,6.36,1
914,"elefante",559,510.34,2.15,1
915,"elegir",510,479.20,4.64,2
916,"elemento",494,476.15,4.56,1
917,"elevar",538,494.19,4.36,2
918,"eliminar",508,522.19,3.72,1
919,"elocuencia",705,582.56,6.34,1
920,"elogiar",605,521.83,5.16,1
921,"elogio",573,510.02,5.16,1
922,"eludir",603,504.72,6.00,1
923,"embajada",559,538.24,5.63,1
924,"embarazo",514,549.81,3.84,1
925,"embriaguez",613,559.53,6.32,1
926,"embrión",587,528.12,6.16,1
927,"emitir",567,492.73,4.92,1
928,"emperatriz",611,573.17,5.20,1
929,"emprender",574,534.31,5.24,1
930,"enano",546,501.83,2.76,3
931,"encender",553,531.26,4.88,1
932,"encontrar",533,542.88,2.52,2
933,"encuentro",553,537.54,4.50,1
934,"encuesta",550,546.69,4.96,1
935,"energía",543,520.20,3.89,1
936,"enero",497,479.10,2.19,1
937,"enfermedad",544,526.23,3.15,1
938,"enfermera",577,558.43,2.59,1
939,"engendrar",639,572.36,5.56,2
940,"engordar",546,549.48,3.68,1
941,"enigma",571,505.69,5.29,1
942,"enjambre",675,540.48,4.23,1
943,"ensalada",578,595.51,3.20,1
944,"ente",656,470.81,5.97,1
945,"entender",535,534.22,3.00,1
946,"entero",494,508.02,2.92,3
947,"enterrar",534,534.42,4.16,1
948,"entrar",504,495.15,2.32,2
949,"entregar",555,553.51,4.12,2
950,"entrever",622,530.79,5.56,1
951,"entusiasmo",615,569.24,4.96,1
952,"enumerar",628,564.31,4.20,1
953,"envejecer",573,531.63,3.88,1
954,"enviar",552,496.40,3.92,2
955,"envidiar",543,525.63,3.96,1
956,"envolver",570,558.13,3.44,1
957,"enzima",640,493.92,6.51,1
958,"épica",589,513.36,6.06,1
959,"epidemia",588,534.22,5.08,1
960,"epígrafe",650,540.35,6.08,1
961,"episodio",575,553.00,4.24,1
962,"época",520,495.59,3.94,1
963,"epopeya",654,575.65,6.29,1
964,"equilibrio",519,537.67,4.65,1
965,"equipo",510,502.17,2.84,1
966,"equis",685,511.91,4.28,1
967,"equívoco",576,514.19,5.40,1
968,"ermita",601,523.65,5.04,1
969,"error",511,477.13,3.00,1
970,"escala",508,487.52,4.65,1
971,"escalera",529,508.32,2.14,1
972,"escalinata",671,560.65,5.72,1
973,"escalofrío",567,545.43,4.40,1
974,"escándalo",589,537.56,4.68,1
975,"escaño",563,487.46,5.94,1
976,"escapar",513,503.73,2.80,1
977,"escaparate",625,541.46,3.56,1
978,"escayola",593,522.30,4.16,1
979,"escena",511,497.80,3.88,1
980,"escenario",539,520.19,3.04,1
981,"escéptico",646,562.45,5.88,1
982,"escoba",544,491.91,2.44,1
983,"esconder",553,491.10,2.40,2
984,"escondite",571,522.76,2.36,1
985,"escopeta",571,535.53,2.86,1
986,"escote",539,491.41,5.00,1
987,"escribir",505,507.14,2.40,2
988,"escritorio",551,511.13,3.48,1
989,"escudo",518,495.68,3.43,1
990,"escultura",528,487.16,4.36,1
991,"esfera",544,493.56,4.68,1
992,"esmoquin",635,523.33,4.73,1
993,"espacio",506,500.08,4.16,1
994,"espada",498,483.83,2.50,1
995,"espanto",558,522.75,4.48,1
996,"especie",519,512.83,3.86,1
997,"espectador",578,531.81,4.24,1
998,"espejo",493,513.40,2.15,1
999,"esperanza",537,510.46,5.00,1
1000,"esperpento",666,572.96,6.31,1
1001,"espiar",566,524.75,3.52,1
1002,"espina",537,488.33,3.03,1
1003,"espionaje",596,559.17,4.96,1
1004,"espíritu",543,523.85,4.20,1
1005,"esplendor",583,524.65,5.20,1
1006,"esponja",528,512.47,2.50,1
1007,"espontánea",580,526.54,5.32,1
1008,"esposa",512,495.85,3.38,1
1009,"esposo",515,479.38,4.16,1
1010,"espuma",535,496.84,3.48,1
1011,"esqueleto",550,535.00,3.22,1
1012,"esquivar",553,499.14,4.20,1
1013,"establecer",546,548.92,4.96,2
1014,"estaca",608,504.48,4.48,1
1015,"estación",537,535.65,3.15,1
1016,"estado",552,507.02,4.38,1
1017,"estallar",530,512.04,3.64,1
1018,"estamento",635,534.53,5.89,1
1019,"estantería",613,564.04,3.30,1
1020,"estatura",581,535.58,3.44,1
1021,"estatuto",579,543.10,5.54,1
1022,"estela",550,508.71,5.72,1
1023,"estética",593,561.63,5.44,1
1024,"estiércol",649,567.92,4.88,1
1025,"estilo",516,512.25,4.50,1
1026,"estimular",549,526.17,5.76,1
1027,"estímulo",541,521.02,6.04,1
1028,"estirpe",648,528.33,6.39,1
1029,"estómago",549,535.19,2.97,1
1030,"estrategia",584,532.42,5.12,1
1031,"estrecho",524,512.85,3.44,3
1032,"estrella",526,484.69,2.42,1
1033,"estremecer",613,566.88,5.36,2
1034,"estrenar",540,554.09,3.32,1
1035,"estrépito",660,553.38,5.88,1
1036,"estrés",545,504.43,5.32,1
1037,"estructura",553,523.31,5.20,1
1038,"estudiar",517,496.17,3.28,2
1039,"etapa",551,497.51,4.20,1
1040,"eternidad",570,531.28,5.03,1
1041,"ética",541,483.84,5.40,1
1042,"etiqueta",552,518.36,3.37,1
1043,"eufemismo",673,590.76,6.69,1
1044,"euforia",582,535.57,5.24,1
1045,"evangelio",590,565.18,4.68,1
1046,"evidencia",574,545.50,4.94,1
1047,"evitar",494,489.40,4.12,1
1048,"evocar",540,482.94,6.20,1
1049,"exagerar",573,536.86,3.96,1
1050,"examen",502,522.41,4.28,1
1051,"examinar",506,516.35,4.40,2
1052,"excelencia",566,560.72,5.29,1
1053,"exceso",567,505.65,4.12,1
1054,"excursión",528,522.42,2.68,1
1055,"exigir",510,516.31,4.76,1
1056,"exilio",576,493.81,5.60,1
1057,"existencia",565,537.29,4.34,1
1058,"éxito",483,497.84,4.24,1
1059,"expansión",588,515.57,4.97,1
1060,"expediente",550,528.73,5.64,1
1061,"experto",527,499.46,4.72,3
1062,"explanada",651,569.00,5.48,1
1063,"explicar",485,491.33,3.64,2
1064,"explorar",527,505.11,3.68,1
1065,"explosión",517,521.04,3.64,1
1066,"explotar",515,505.88,4.00,1
1067,"exponer",520,510.73,5.32,1
1068,"expresar",514,504.72,4.24,1
1069,"expresión",536,523.08,4.26,1
1070,"expulsar",524,510.45,4.16,1
1071,"expulsión",563,519.47,4.56,1
1072,"extender",533,536.30,4.32,1
1073,"exterior",508,520.13,3.60,1
1074,"extra",537,506.58,4.56,1
1075,"extraer",536,530.48,4.60,1
1076,"extranjero",584,523.76,4.24,3
1077,"extrañar",499,544.30,4.20,1
1078,"extraño",523,500.76,3.60,1
1079,"extremo",535,497.80,4.24,3
1080,"fabricar",517,530.52,4.04,1
1081,"fábula",548,515.70,4.08,1
1082,"factor",514,507.54,4.74,1
1083,"factoría",550,525.31,5.64,1
1084,"factura",568,511.78,5.12,1
1085,"facultad",518,525.13,4.96,1
1086,"faena",585,529.10,4.52,1
1087,"fajo",589,486.04,6.16,1
1088,"falacia",607,504.71,6.46,1
1089,"falda",506,523.14,1.96,1
1090,"fallar",541,484.67,3.36,2
1091,"falsedad",554,510.81,4.84,1
1092,"faltar",526,496.51,3.48,2
1093,"fama",555,499.88,4.04,1
1094,"fanático",629,553.96,5.28,1
1095,"fango",562,506.60,4.32,1
1096,"fantasía",536,516.58,3.68,1
1097,"fantasma",527,518.65,2.26,1
1098,"farmacia",544,515.30,4.04,1
1099,"farsa",607,510.81,5.38,1
1100,"fase",532,493.30,4.40,1
1101,"fauces",718,508.77,5.64,1
1102,"fauna",559,500.35,4.08,1
1103,"favor",484,466.87,4.16,1
1104,"faz",601,476.90,5.84,1
1105,"fecundidad",650,555.00,6.28,1
1106,"felicidad",543,539.96,3.60,1
1107,"felpa",613,488.00,5.64,1
1108,"fenómeno",541,534.46,4.47,1
1109,"feria",540,512.06,2.88,1
1110,"festejar",629,553.73,4.16,1
1111,"festival",556,522.35,4.04,1
1112,"fibra",536,497.15,5.28,1
1113,"fibrina",539,553.53,6.74,1
1114,"ficha",536,507.06,2.76,1
1115,"fidelidad",604,524.69,5.48,1
1116,"fiebre",532,488.29,2.84,1
1117,"fiera",567,495.00,3.80,1
1118,"fiesta",513,476.67,3.32,1
1119,"figura",489,488.81,2.96,1
1120,"fila",579,465.11,2.96,1
1121,"filmar",637,520.06,4.64,1
1122,"filo",591,509.35,4.88,1
1123,"filón",610,493.74,6.40,1
1124,"filosofía",535,528.58,5.66,1
1125,"fin",520,461.25,2.32,1
1126,"final",514,479.75,2.56,1
1127,"financiero",598,548.13,5.56,3
1128,"fingir",523,494.96,4.40,1
1129,"firmamento",751,596.98,4.76,1
1130,"firmar",499,506.98,3.80,1
1131,"fiscal",536,507.44,5.52,1
1132,"física",515,505.54,5.03,1
1133,"físico",535,491.35,4.36,3
1134,"fisiología",581,559.88,6.24,1
1135,"flauta",529,527.18,2.96,1
1136,"flecha",525,504.75,2.69,1
1137,"flema",549,516.06,4.88,1
1138,"flequillo",577,542.98,3.36,1
1139,"flor",489,507.37,1.61,1
1140,"flora",523,507.06,4.44,1
1141,"florecer",536,518.20,3.40,2
1142,"flotar",525,505.85,2.92,2
1143,"fluir",533,506.15,5.00,2
1144,"fobia",560,498.33,5.46,1
1145,"foco",530,488.63,3.78,1
1146,"fogón",602,509.55,4.60,1
1147,"folio",541,510.94,2.76,1
1148,"fomentar",588,530.48,5.40,1
1149,"fondo",490,476.35,3.52,1
1150,"forastero",627,554.19,4.80,1
1151,"forjar",592,534.04,6.00,1
1152,"forma",505,488.74,2.52,1
1153,"formar",479,493.46,3.64,1
1154,"fortaleza",573,522.94,5.04,1
1155,"fortuna",541,519.35,4.88,1
1156,"forzar",553,502.63,4.80,1
1157,"fosa",656,498.42,5.28,1
1158,"fósforo",532,540.53,5.00,1
1159,"foto",497,480.84,2.26,1
1160,"fotógrafo",566,546.64,3.12,1
1161,"fracción",593,532.61,4.76,1
1162,"fragancia",551,550.90,4.64,1
1163,"fragmento",585,547.37,4.77,1
1164,"fragor",574,527.08,6.71,1
1165,"fragua",557,519.30,6.04,1
1166,"fraile",540,522.43,4.48,1
1167,"franja",531,494.08,5.31,1
1168,"frasco",533,475.48,3.00,1
1169,"frase",521,494.16,3.04,1
1170,"frecuencia",560,541.96,4.85,1
1171,"fregar",538,510.22,3.32,1
1172,"freno",556,528.44,3.44,1
1173,"frente",514,468.83,2.32,1
1174,"fresa",535,476.78,2.20,1
1175,"fresco",552,492.62,3.88,3
1176,"fruto",502,487.25,3.16,1
1177,"fuego",500,467.56,2.06,1
1178,"fuente",491,505.08,2.51,1
1179,"fuerte",497,498.46,2.68,1
1180,"fuerza",484,510.69,3.00,1
1181,"fuga",515,475.69,4.44,1
1182,"fugitivo",563,528.19,5.00,1
1183,"fulgor",627,503.42,6.39,1
1184,"fumar",486,501.59,3.32,1
1185,"funcionar",550,524.55,2.96,2
1186,"fundamento",608,532.60,5.17,1
1187,"fundar",498,507.77,5.00,1
1188,"furia",535,487.48,4.60,1
1189,"furor",572,511.12,5.20,1
1190,"fuselaje",653,561.31,6.49,1
1191,"fusil",583,509.15,4.19,1
1192,"fusión",534,494.14,5.54,1
1193,"fusta",513,476.10,5.64,1
1194,"fútbol",509,498.94,2.48,1
1195,"futuro",525,488.07,3.61,3
1196,"gabinete",577,535.92,5.79,1
1197,"galán",547,526.27,4.84,1
1198,"galardón",645,551.75,5.60,1
1199,"gallinero",566,560.06,3.64,1
1200,"gallo",496,506.20,1.75,1
1201,"gama",556,522.46,4.89,1
1202,"ganar",489,492.04,2.24,2
1203,"gancho",570,519.79,3.50,1
1204,"garaje",514,529.57,3.02,1
1205,"garbo",580,535.29,6.00,1
1206,"garganta",552,539.35,3.12,1
1207,"gas",499,487.77,4.16,1
1208,"gastar",557,495.33,3.28,1
1209,"gen",559,513.78,5.79,1
1210,"generar",508,522.81,4.92,1
1211,"género",512,529.76,4.37,1
1212,"genio",531,499.88,3.37,1
1213,"gente",478,469.59,2.60,1
1214,"geografía",553,536.28,4.44,1
1215,"geometría",576,561.98,5.64,1
1216,"germen",622,529.26,5.58,1
1217,"gesto",551,513.17,4.08,1
1218,"gimnasia",518,550.98,2.84,1
1219,"gimnasio",559,550.71,3.44,1
1220,"ginebra",566,539.78,6.24,1
1221,"girar",535,496.37,2.68,2
1222,"gitano",503,507.49,3.80,3
1223,"globo",506,495.98,1.42,1
1224,"gloria",494,517.41,5.00,1
1225,"glorieta",618,557.88,5.20,1
1226,"gobernador",596,564.93,4.52,1
1227,"gobernanta",703,597.35,6.28,1
1228,"gobernar",546,568.64,4.72,1
1229,"golf",491,508.43,4.48,1
1230,"golondrina",585,547.75,3.36,1
1231,"golpe",516,513.33,2.80,1
1232,"goma",546,513.57,1.96,1
1233,"gorra",543,510.35,2.77,1
1234,"gorro",494,515.91,1.81,1
1235,"gota",506,500.06,2.39,1
1236,"gozo",523,509.58,5.76,1
1237,"grado",511,493.76,4.17,1
1238,"gramática",557,524.02,4.46,1
1239,"granja",520,504.56,2.36,1
1240,"grano",519,502.08,3.20,1
1241,"grasa",481,488.34,4.48,1
1242,"gratitud",553,530.60,5.36,1
1243,"gravedad",519,530.23,4.92,1
1244,"gremio",589,559.39,5.62,1
1245,"grieta",541,535.38,4.06,1
1246,"grifo",542,484.86,1.74,1
1247,"gripe",498,508.98,2.62,1
1248,"gritar",501,528.72,2.08,1
1249,"grosor",567,520.24,4.88,1
1250,"grueso",535,500.74,3.80,3
1251,"grupo",478,485.80,2.86,1
1252,"gruta",556,504.02,4.68,1
1253,"guante",573,506.37,4.31,1
1254,"guardián",547,528.00,3.85,1
1255,"guerra",500,520.47,3.58,1
1256,"guitarra",495,530.69,2.73,1
1257,"gusano",513,523.07,2.31,1
1258,"gustar",500,516.43,1.88,2
1259,"gusto",534,502.58,2.88,1
1260,"habano",641,550.03,5.44,1
1261,"haber",614,504.45,2.68,2
1262,"habilidad",527,521.02,4.44,1
1263,"hábito",561,497.68,5.72,1
1264,"hablar",488,486.04,1.56,2
1265,"hacer",500,478.92,2.16,2
1266,"hacha",620,521.28,3.19,1
1267,"hacienda",543,537.19,5.64,1
1268,"hada",559,480.71,2.07,1
1269,"hálito",610,527.42,6.78,1
1270,"hallar",567,495.02,4.76,1
1271,"halo",554,500.51,6.46,1
1272,"hamaca",680,537.04,3.70,1
1273,"hambre",544,487.16,1.92,1
1274,"harén",585,508.74,6.28,1
1275,"harina",541,504.63,3.28,1
1276,"hastío",688,514.92,6.46,1
1277,"haz",546,491.46,5.52,1
1278,"hazaña",561,521.48,4.96,1
1279,"hebra",562,509.36,6.04,1
1280,"hedor",571,523.80,5.92,1
1281,"hegemonía",611,576.44,6.46,1
1282,"hélice",609,538.42,4.44,1
1283,"hembra",537,509.56,3.60,1
1284,"hemisferio",603,527.27,5.36,1
1285,"heredero",540,526.88,4.40,3
1286,"herir",530,485.79,3.60,2
1287,"héroe",527,497.98,3.04,1
1288,"heroína",568,526.68,5.54,1
1289,"heroísmo",607,532.59,4.84,1
1290,"hiedra",562,529.85,5.15,1
1291,"hielo",491,511.94,2.88,1
1292,"hierba",533,502.78,2.52,1
1293,"hierro",491,502.76,4.04,1
1294,"hígado",532,513.52,4.36,1
1295,"hijo",506,490.15,2.40,1
1296,"hilo",526,485.47,2.88,1
1297,"hipo",564,490.06,2.92,1
1298,"hipócrita",584,528.63,5.48,1
1299,"hipófisis",663,592.88,6.67,1
1300,"hipótesis",541,545.06,5.81,1
1301,"histeria",544,535.75,6.44,1
1302,"historia",496,500.15,3.60,1
1303,"hito",627,491.46,6.17,1
1304,"hogar",507,486.15,3.12,1
1305,"hoja",517,479.02,1.96,1
1306,"holocausto",663,560.39,6.08,1
1307,"hombre",511,490.98,2.17,1
1308,"hombro",498,485.50,2.25,1
1309,"homenaje",553,535.75,5.96,1
1310,"honor",510,496.91,4.61,1
1311,"honra",625,494.20,5.29,1
1312,"hora",488,507.38,2.60,1
1313,"horca",598,500.71,4.34,1
1314,"horda",637,509.36,6.57,1
1315,"horizonte",528,524.31,4.35,1
1316,"horno",520,503.49,3.03,1
1317,"horror",485,487.83,4.16,1
1318,"hospital",499,508.02,2.38,1
1319,"hotel",492,494.10,3.16,1
1320,"hoyo",552,484.50,3.68,1
1321,"hoz",550,481.73,4.18,1
1322,"hueco",530,484.15,3.44,3
1323,"huérfana",599,558.50,4.32,1
1324,"huérfano",546,552.21,4.00,3
1325,"huerta",505,521.47,2.64,1
1326,"huerto",547,517.53,2.80,1
1327,"hueso",496,508.86,2.71,1
1328,"huevo",503,493.98,1.71,1
1329,"huir",528,496.06,4.04,2
1330,"humanidad",537,556.15,4.88,1
1331,"humanismo",603,558.65,5.91,1
1332,"humanista",560,566.30,5.64,1
1333,"humano",468,519.49,3.00,3
1334,"humildad",582,567.02,4.24,1
1335,"humo",480,494.22,3.16,1
1336,"humor",487,503.72,3.15,1
1337,"hundir",523,518.02,3.80,1
1338,"hurgar",584,524.83,4.96,1
1339,"idea",503,508.94,3.20,1
1340,"ideal",496,493.57,4.36,1
1341,"idilio",584,552.12,5.76,1
1342,"idioma",489,508.23,3.15,1
1343,"ignorancia",581,547.45,5.32,1
1344,"igualdad",566,518.63,4.00,1
1345,"iguana",568,523.47,3.88,1
1346,"iluminar",522,529.98,3.72,1
1347,"ilusión",542,520.26,3.52,1
1348,"ilustrar",563,527.31,4.56,1
1349,"imagen",510,500.81,3.44,1
1350,"imaginar",508,501.20,3.32,2
1351,"imán",561,503.74,3.50,1
1352,"imitar",517,499.55,3.56,1
1353,"imprimir",503,526.91,4.72,2
1354,"impunidad",668,587.69,6.42,1
1355,"incendio",547,531.02,3.48,1
1356,"incidencia",623,565.00,5.42,1
1357,"incidente",609,578.08,5.09,1
1358,"incienso",621,561.88,5.32,1
1359,"incorporar",570,539.10,4.84,1
1360,"incremento",602,558.22,5.82,1
1361,"incurrir",590,549.32,6.00,1
1362,"índice",562,498.46,4.32,1
1363,"indio",571,505.87,2.29,3
1364,"individuo",551,524.38,4.96,1
1365,"índole",603,505.79,6.52,1
1366,"inducir",576,520.77,5.88,1
1367,"infame",653,524.35,5.96,1
1368,"infierno",541,536.54,3.50,1
1369,"infinitud",657,586.40,5.60,1
1370,"informar",513,535.76,4.20,1
1371,"ingeniería",580,559.13,5.73,1
1372,"ingenio",551,570.23,5.12,1
1373,"ingresar",559,529.51,4.40,1
1374,"iniciativa",578,552.25,4.74,1
1375,"inicio",528,515.86,2.74,1
1376,"inmensidad",629,535.78,4.92,1
1377,"inocencia",565,560.53,4.54,1
1378,"inocente",570,542.78,4.12,1
1379,"insistir",541,523.62,4.12,1
1380,"insomnio",614,571.51,6.00,1
1381,"inspector",566,547.92,4.31,1
1382,"inspirar",566,548.70,4.96,2
1383,"instalar",601,518.20,4.44,1
1384,"instante",547,538.67,4.59,1
1385,"instinto",573,542.49,4.91,1
1386,"instituto",529,561.36,4.85,1
1387,"integrar",564,532.28,5.48,1
1388,"intemperie",719,587.53,5.46,1
1389,"intención",556,550.88,4.18,1
1390,"intentar",535,519.57,3.00,2
1391,"intento",539,525.45,3.97,1
1392,"interior",521,531.78,3.48,1
1393,"interrogar",572,558.15,4.84,1
1394,"intervalo",562,551.89,5.21,1
1395,"intimidad",585,551.62,5.80,1
1396,"introducir",547,527.12,3.72,1
1397,"intuición",640,579.19,4.83,1
1398,"intuir",615,540.36,4.60,1
1399,"inventar",539,550.61,3.12,1
1400,"inventario",557,535.26,5.79,1
1401,"inventiva",567,583.25,5.43,1
1402,"investigar",509,562.66,3.92,1
1403,"ira",549,502.31,4.80,1
1404,"iris",544,495.85,4.48,1
1405,"ironía",566,508.54,5.63,1
1406,"isla",498,496.67,2.39,1
1407,"islam",612,524.71,6.00,1
1408,"itinerario",656,592.57,5.62,1
1409,"izquierda",494,545.64,2.48,1
1410,"jabalí",532,525.83,3.78,1
1411,"jabón",495,498.54,2.00,1
1412,"jamón",495,479.75,2.14,1
1413,"jardín",510,509.41,2.48,1
1414,"jarra",533,501.94,2.61,1
1415,"jaula",521,518.23,2.58,1
1416,"jauría",605,559.14,4.68,1
1417,"jazmín",587,542.98,5.08,1
1418,"jefe",507,497.65,3.04,1
1419,"jerga",616,535.25,6.18,1
1420,"jersey",534,517.80,2.44,1
1421,"jinete",596,529.61,4.38,1
1422,"jornada",563,525.60,4.65,1
1423,"joven",486,502.30,3.04,1
1424,"joya",541,508.35,3.50,1
1425,"júbilo",599,505.29,5.52,1
1426,"judío",533,506.25,4.52,1
1427,"juego",491,469.53,1.73,1
1428,"juerga",525,491.00,5.12,1
1429,"juez",521,513.02,3.83,1
1430,"jugar",494,458.64,1.68,2
1431,"jugo",566,497.38,4.24,1
1432,"juicio",509,501.63,5.48,1
1433,"jungla",587,525.48,3.38,1
1434,"junio",532,499.29,2.76,1
1435,"júpiter",634,525.47,3.96,1
1436,"jurar",546,476.27,3.80,2
1437,"justicia",555,514.51,4.54,1
1438,"justificar",546,527.10,4.84,1
1439,"juventud",524,505.67,4.16,1
1440,"juzgar",526,512.98,4.84,2
1441,"kilo",555,506.24,3.36,1
1442,"laberinto",560,536.70,3.79,1
1443,"labio",522,508.30,2.16,1
1444,"labor",528,478.26,3.85,1
1445,"ladera",563,519.31,4.52,1
1446,"lado",555,488.98,3.00,1
1447,"ladrar",556,514.15,2.36,1
1448,"ladrillo",536,539.96,2.65,1
1449,"ladrón",495,509.19,2.61,1
1450,"lago",546,490.17,2.76,1
1451,"laguna",550,508.49,3.96,1
1452,"lámina",534,509.35,4.08,1
1453,"lámpara",543,501.94,2.42,1
1454,"lana",560,495.20,3.16,1
1455,"lanza",549,483.33,3.96,1
1456,"lanzar",547,487.56,2.68,2
1457,"lápiz",521,506.26,1.92,1
1458,"lapso",586,491.52,6.68,1
1459,"láser",558,532.57,4.73,1
1460,"lateral",569,515.75,3.64,1
1461,"látigo",551,501.73,4.70,1
1462,"latín",535,498.85,5.36,1
1463,"latir",551,489.45,4.12,2
1464,"latitud",594,496.12,5.54,1
1465,"latón",607,517.90,5.96,1
1466,"laurel",615,521.98,4.31,1
1467,"lavabo",554,514.43,2.61,1
1468,"lavar",528,495.44,2.52,2
1469,"lazo",526,489.31,2.04,1
1470,"leche",463,480.84,1.68,1
1471,"lecho",537,498.86,4.80,1
1472,"lector",542,499.72,3.76,1
1473,"leer",503,485.06,2.12,2
1474,"legado",568,507.33,5.89,1
1475,"legión",523,506.41,5.16,1
1476,"legua",519,501.11,5.20,1
1477,"lema",605,503.39,6.12,1
1478,"lencería",568,541.37,5.28,1
1479,"lengua",482,496.16,1.79,1
1480,"lenguaje",529,520.33,3.76,1
1481,"lentitud",562,517.53,3.12,1
1482,"leña",527,504.43,2.88,1
1483,"león",465,474.67,2.12,1
1484,"letargo",655,566.27,5.57,1
1485,"letra",489,491.89,2.56,1
1486,"léxico",584,518.85,5.88,1
1487,"ley",503,503.63,4.21,1
1488,"liar",556,505.42,4.48,1
1489,"liberar",553,513.92,4.28,1
1490,"libertad",514,516.84,4.12,1
1491,"libra",533,479.77,5.56,1
1492,"libro",464,496.06,1.99,1
1493,"licencia",543,529.90,6.16,1
1494,"licor",532,499.62,5.00,1
1495,"líder",524,520.36,4.44,1
1496,"liebre",583,515.92,3.32,1
1497,"lienzo",612,510.18,4.64,1
1498,"ligar",534,496.33,4.84,1
1499,"limbo",596,492.73,5.80,1
1500,"límite",535,513.45,3.94,1
1501,"linaje",662,518.62,6.36,1
1502,"linde",627,497.65,6.29,1
1503,"línea",508,511.57,2.16,1
1504,"linterna",639,588.22,2.58,1
1505,"lío",562,504.23,3.19,1
1506,"lírica",597,543.09,6.40,1
1507,"lirio",606,496.61,4.42,1
1508,"lista",490,503.00,3.44,1
1509,"literatura",534,538.55,5.52,1
1510,"litro",573,499.14,3.73,1
1511,"llaga",643,521.28,4.56,1
1512,"llamar",476,506.68,2.32,2
1513,"llanto",520,504.04,2.84,1
1514,"llave",492,497.20,2.48,1
1515,"llegar",504,505.70,2.38,2
1516,"llenar",489,516.51,2.80,2
1517,"llevar",484,478.83,2.76,2
1518,"llorar",475,501.22,1.76,1
1519,"lluvia",512,501.15,1.83,1
1520,"lobo",510,480.14,2.16,1
1521,"local",553,496.69,3.92,1
1522,"loco",530,485.43,2.68,3
1523,"locutor",553,507.33,4.56,1
1524,"lodo",611,493.09,5.12,1
1525,"lógica",533,487.85,4.89,1
1526,"lograr",520,500.53,4.12,1
1527,"logro",521,492.02,5.00,1
1528,"lomo",517,488.70,3.60,1
1529,"lona",585,510.07,4.77,1
1530,"longitud",503,496.14,4.28,1
1531,"loro",509,473.98,2.29,1
1532,"losa",574,493.68,5.32,1
1533,"loto",542,466.26,5.48,1
1534,"lucha",512,483.85,3.32,1
1535,"luchar",536,492.47,2.80,1
1536,"lucir",514,506.48,4.48,2
1537,"lucro",607,515.89,6.06,1
1538,"lugar",488,479.77,3.24,1
1539,"lumbre",608,501.86,4.64,1
1540,"luminoso",544,538.58,3.76,3
1541,"luna",493,497.82,2.02,1
1542,"lunes",498,498.36,2.00,1
1543,"luto",584,501.49,4.56,1
1544,"luz",477,482.67,2.00,1
1545,"macho",523,476.00,3.72,1
1546,"madera",507,486.27,2.60,1
1547,"madre",492,479.04,1.56,1
1548,"madrugar",525,519.21,3.40,1
1549,"maestro",521,517.70,2.14,3
1550,"mafia",561,504.31,4.92,1
1551,"magnetismo",574,565.10,5.94,1
1552,"magnitud",517,533.45,5.52,1
1553,"mago",552,477.02,2.36,1
1554,"maíz",497,490.34,2.92,1
1555,"majestad",576,526.60,4.24,1
1556,"mal",484,496.38,1.96,1
1557,"malaria",584,543.63,5.57,1
1558,"maldición",546,529.07,4.38,1
1559,"maldito",538,534.54,4.16,3
1560,"malecón",553,550.45,5.75,1
1561,"maleficio",607,555.73,4.55,1
1562,"maleza",586,501.40,4.76,1
1563,"malla",615,508.88,4.35,1
1564,"mamá",489,492.10,1.16,1
1565,"mandar",521,487.51,3.04,2
1566,"mandíbula",571,556.81,4.04,1
1567,"manera",513,513.94,3.46,1
1568,"manga",531,499.40,2.12,1
1569,"mango",507,505.42,3.88,1
1570,"manía",527,479.06,4.16,1
1571,"manifestar",542,516.44,4.88,1
1572,"manipular",543,515.37,4.92,1
1573,"manivela",632,559.38,4.72,1
1574,"mano",495,502.77,1.42,1
1575,"manojo",570,507.34,5.44,1
1576,"mansión",554,511.66,4.04,1
1577,"mantel",573,496.48,2.88,1
1578,"mantener",502,513.96,4.16,1
1579,"manto",542,503.51,4.48,1
1580,"manzana",496,508.84,1.82,1
1581,"maña",621,497.22,4.65,1
1582,"mañana",484,502.80,2.44,1
1583,"mapa",485,489.90,2.68,1
1584,"mar",462,482.77,1.68,1
1585,"maraña",654,499.68,5.96,1
1586,"maravilla",515,520.90,3.37,1
1587,"marcar",501,491.80,3.76,2
1588,"marco",493,478.41,2.93,1
1589,"marejada",636,574.83,5.23,1
1590,"marfil",570,505.30,4.96,1
1591,"margarita",561,529.08,2.20,1
1592,"margen",531,492.88,4.16,1
1593,"marido",507,506.63,2.81,1
1594,"mariposa",493,508.79,1.92,1
1595,"mariscal",610,556.38,5.84,1
1596,"mármol",570,526.60,4.44,1
1597,"martes",501,481.15,1.91,1
1598,"martillo",517,504.15,2.77,1
1599,"mártir",582,519.65,5.76,1
1600,"martirio",585,541.18,5.29,1
1601,"marzo",539,488.19,2.92,1
1602,"masa",480,479.69,4.16,1
1603,"masaje",501,516.76,4.12,1
1604,"mascar",588,488.75,3.56,1
1605,"masón",536,504.88,6.85,1
1606,"masticar",559,520.23,2.20,1
1607,"matar",510,481.59,2.84,2
1608,"matemático",584,532.30,4.20,3
1609,"materia",536,508.83,4.17,1
1610,"matrimonio",526,510.69,3.48,1
1611,"matriz",539,495.08,6.15,1
1612,"mayo",506,487.46,2.72,1
1613,"mecánico",540,538.10,3.46,3
1614,"mecanismo",531,535.61,5.00,1
1615,"mechero",592,551.49,3.29,1
1616,"medalla",581,536.02,3.12,1
1617,"mediar",564,514.75,5.48,2
1618,"medicina",507,521.54,4.08,1
1619,"médico",496,461.06,2.48,3
1620,"medio",478,486.63,3.40,3
1621,"medir",502,478.96,3.84,2
1622,"meditar",536,511.91,5.20,1
1623,"medrar",599,512.00,5.92,2
1624,"médula",521,502.11,5.84,1
1625,"mejilla",510,526.67,3.40,1
1626,"melancolía",564,531.10,6.36,1
1627,"melena",555,505.94,2.58,1
1628,"membrana",573,536.33,5.56,1
1629,"mencionar",548,542.87,4.84,1
1630,"mendigo",562,539.63,4.35,1
1631,"menester",627,529.38,5.94,1
1632,"menor",531,486.00,2.88,1
1633,"mensaje",516,512.27,3.48,1
1634,"mente",524,471.17,3.97,1
1635,"mentir",509,488.80,2.20,1
1636,"mentón",591,507.73,5.48,1
1637,"meñique",614,537.80,3.32,1
1638,"mercancía",572,551.43,4.04,1
1639,"merced",576,520.25,5.94,1
1640,"merendar",599,534.85,2.04,2
1641,"merienda",567,536.29,2.44,1
1642,"mérito",571,522.04,5.03,1
1643,"merluza",550,520.71,3.52,1
1644,"mermelada",619,565.98,3.00,1
1645,"mero",582,504.37,5.40,3
1646,"mes",506,472.91,2.71,1
1647,"mesa",484,472.39,1.38,1
1648,"meta",522,479.60,6.79,1
1649,"metáfora",555,541.64,5.34,1
1650,"metal",509,496.40,4.08,1
1651,"meter",525,479.94,2.16,2
1652,"método",508,497.54,4.69,1
1653,"metralleta",614,583.50,3.86,1
1654,"metro",505,482.89,3.65,1
1655,"mezquita",606,528.02,5.52,1
1656,"miedo",479,489.80,2.80,1
1657,"miel",476,490.06,2.92,1
1658,"miembro",524,529.15,4.19,1
1659,"mina",529,509.82,3.76,1
1660,"miniatura",570,537.66,3.72,1
1661,"mínimo",543,524.02,3.76,3
1662,"ministerio",559,554.69,5.92,1
1663,"ministro",541,541.52,4.96,1
1664,"minuto",541,485.67,2.46,1
1665,"miope",595,514.85,4.80,1
1666,"mirar",500,477.30,2.24,2
1667,"misa",511,488.29,3.28,1
1668,"misión",512,498.10,4.15,1
1669,"misterio",549,531.76,4.08,1
1670,"mitad",545,505.11,2.96,1
1671,"mito",533,496.80,4.67,1
1672,"mitología",577,538.84,5.72,1
1673,"mobiliario",584,541.73,4.96,1
1674,"modalidad",601,551.35,5.34,1
1675,"modelo",518,491.98,3.80,1
1676,"modestia",554,521.90,4.86,1
1677,"modificar",583,540.31,4.64,1
1678,"modo",506,489.33,3.76,1
1679,"mole",560,497.64,5.31,1
1680,"molestar",509,504.96,2.88,2
1681,"molestia",505,522.28,4.32,1
1682,"molino",563,515.30,2.67,1
1683,"momia",576,524.94,3.29,1
1684,"monasterio",556,540.29,4.32,1
1685,"moneda",505,513.87,2.29,1
1686,"monje",513,484.82,3.74,1
1687,"mono",490,480.46,1.83,3
1688,"monólogo",568,530.34,5.20,1
1689,"monopolio",578,562.73,6.09,1
1690,"monotonía",574,550.04,6.16,1
1691,"monstruo",535,531.38,2.16,1
1692,"montar",492,499.83,2.72,2
1693,"monte",512,484.67,2.80,1
1694,"moño",565,497.69,2.96,1
1695,"moqueta",560,506.47,4.28,1
1696,"mora",526,495.04,3.00,1
1697,"moral",523,489.26,5.06,1
1698,"morder",501,495.29,2.44,1
1699,"moribundo",630,552.62,4.96,1
1700,"morir",492,474.63,2.68,1
1701,"moro",502,499.31,4.08,3
1702,"morro",517,499.58,2.76,1
1703,"mortal",512,511.53,3.60,1
1704,"mosca",521,476.20,1.67,1
1705,"mote",608,488.25,4.12,1
1706,"moto",508,491.65,2.22,1
1707,"motor",517,484.33,3.58,1
1708,"mover",512,489.81,2.80,1
1709,"móvil",484,495.10,4.36,1
1710,"movilidad",570,541.17,5.36,1
1711,"mozo",490,477.18,3.56,3
1712,"muchacho",527,538.77,2.69,1
1713,"mudar",515,512.45,4.40,1
1714,"mudo",518,501.63,2.84,3
1715,"mueble",515,496.49,3.28,1
1716,"mueca",554,503.84,4.12,1
1717,"muelle",513,508.51,3.90,1
1718,"muerte",504,488.34,3.20,1
1719,"mujer",499,502.76,2.04,1
1720,"mula",598,506.65,2.48,1
1721,"mulo",526,482.56,4.08,1
1722,"multitud",556,544.24,4.52,1
1723,"mundo",504,493.17,2.68,1
1724,"municipio",552,549.65,4.68,1
1725,"muñeca",485,511.54,1.33,1
1726,"muñeco",510,494.55,1.81,1
1727,"murciélago",581,551.21,2.96,1
1728,"murmullo",621,541.76,3.80,1
1729,"murmurar",595,540.35,4.52,2
1730,"muro",532,500.73,2.79,1
1731,"museo",506,487.75,4.28,1
1732,"musgo",539,482.49,3.32,1
1733,"música",479,486.62,2.16,1
1734,"músico",503,484.12,2.74,1
1735,"muslo",504,488.94,3.16,1
1736,"mutua",585,494.31,5.88,1
1737,"nacer",507,498.69,2.28,1
1738,"nación",565,510.71,4.92,1
1739,"nadar",501,506.71,2.60,2
1740,"nariz",491,493.71,1.84,1
1741,"narrar",545,516.44,3.60,1
1742,"nata",532,475.46,2.80,1
1743,"nativo",657,514.84,4.96,3
1744,"naufragio",603,572.71,5.08,1
1745,"náusea",613,568.77,5.00,1
1746,"navaja",538,526.67,3.62,1
1747,"nave",532,488.49,4.00,1
1748,"navegar",532,523.64,3.32,1
1749,"navidad",502,499.06,2.04,1
1750,"navío",614,518.72,4.96,1
1751,"necesidad",560,522.33,3.75,1
1752,"necesitar",541,509.12,2.32,2
1753,"negar",536,497.02,3.80,1
1754,"negociar",559,538.21,4.60,2
1755,"negro",498,496.76,2.08,3
1756,"nena",532,513.58,1.56,1
1757,"nene",577,504.71,1.28,1
1758,"neón",599,510.42,6.40,1
1759,"nervio",533,501.07,4.26,1
1760,"nevera",509,494.90,2.44,1
1761,"nexo",567,496.37,5.28,1
1762,"nido",562,493.15,2.58,1
1763,"niebla",511,494.30,3.96,1
1764,"nieto",545,511.06,3.04,1
1765,"nieve",498,482.93,2.42,1
1766,"niño",510,488.57,1.44,1
1767,"nivel",491,499.36,3.43,1
1768,"noble",492,512.06,4.68,1
1769,"noche",510,485.48,2.16,1
1770,"noción",548,492.17,5.45,1
1771,"nocturno",566,527.92,3.84,1
1772,"nogal",564,506.75,4.42,1
1773,"nombre",500,499.94,1.92,1
1774,"nómina",581,536.15,6.23,1
1775,"norma",528,497.63,3.36,1
1776,"normativa",604,556.79,5.26,1
1777,"norte",481,492.12,3.92,1
1778,"nostalgia",579,538.69,5.69,1
1779,"nota",495,478.43,3.79,1
1780,"notar",540,500.61,3.24,2
1781,"novela",498,486.83,4.96,1
1782,"novia",503,490.52,2.60,1
1783,"noviembre",545,520.79,2.40,1
1784,"novio",489,482.60,2.85,1
1785,"nube",524,513.83,1.46,1
1786,"nuca",550,499.12,3.41,1
1787,"núcleo",538,505.89,5.32,1
1788,"nudo",554,499.00,2.86,1
1789,"nuera",593,536.75,5.24,1
1790,"nuez",567,509.71,2.60,1
1791,"número",507,507.19,2.48,1
1792,"obedecer",594,535.88,2.96,2
1793,"obispo",566,518.23,4.84,1
1794,"objeción",582,521.55,5.74,1
1795,"objeto",498,486.89,3.12,1
1796,"obra",504,493.83,4.20,1
1797,"obrar",537,490.13,4.52,1
1798,"obrero",536,496.50,3.64,1
1799,"observar",519,503.49,3.40,1
1800,"obsesión",556,540.83,5.16,1
1801,"obstáculo",562,539.45,4.23,1
1802,"occidente",566,543.45,5.32,1
1803,"océano",535,526.44,3.88,1
1804,"ocio",518,497.63,4.68,1
1805,"ocultar",472,509.04,3.80,1
1806,"ocupar",487,517.38,3.24,1
1807,"odiar",537,501.28,3.24,2
1808,"odio",540,483.21,4.68,1
1809,"odisea",583,501.72,5.40,1
1810,"oeste",589,500.42,3.60,1
1811,"oficio",516,503.70,4.44,1
1812,"ofrecer",549,503.22,3.56,2
1813,"oído",516,514.80,2.64,1
1814,"oír",515,471.94,2.08,2
1815,"ojo",467,456.04,1.43,1
1816,"ola",506,471.33,1.90,1
1817,"oleaje",609,493.94,3.60,1
1818,"óleo",568,510.10,5.76,1
1819,"oler",526,485.98,2.40,1
1820,"olfato",560,487.06,3.52,1
1821,"olivo",539,497.81,4.40,1
1822,"olla",569,509.69,2.95,1
1823,"olor",494,478.21,2.44,1
1824,"ombligo",529,529.25,2.48,1
1825,"onda",529,476.86,4.92,1
1826,"opción",511,484.78,3.68,1
1827,"ópera",504,499.88,4.58,1
1828,"operar",493,482.67,3.80,2
1829,"opinar",516,478.81,4.24,1
1830,"opinión",507,508.42,3.85,1
1831,"opio",579,491.92,6.34,1
1832,"oponer",546,485.46,4.60,1
1833,"optar",570,500.92,5.28,1
1834,"óptica",520,492.57,4.88,1
1835,"óptico",515,485.80,4.88,3
1836,"órbita",596,489.69,5.28,1
1837,"orden",509,501.89,3.23,1
1838,"ordenador",541,524.27,4.33,1
1839,"ordenar",503,492.02,2.92,2
1840,"oreja",495,480.40,1.49,1
1841,"organismo",555,532.92,5.12,1
1842,"organizar",543,502.50,4.20,1
1843,"órgano",496,511.93,3.64,1
1844,"orgía",542,514.19,6.80,1
1845,"oriental",541,508.94,4.68,1
1846,"oriente",509,514.70,5.00,1
1847,"origen",519,485.43,4.32,1
1848,"orilla",534,491.98,3.36,1
1849,"orinar",563,482.10,3.64,1
1850,"oro",509,465.81,3.52,1
1851,"orquesta",539,502.17,3.85,1
1852,"oscilar",587,525.60,5.40,1
1853,"oscuridad",522,527.52,2.64,1
1854,"oso",474,478.62,1.92,1
1855,"otoño",522,498.64,2.50,1
1856,"oveja",467,471.51,2.12,1
1857,"ozono",641,520.80,4.83,1
1858,"pabellón",557,527.02,4.40,1
1859,"pacifismo",615,565.63,5.56,1
1860,"pactar",545,504.40,5.08,1
1861,"pacto",508,485.87,4.74,1
1862,"padre",508,478.56,1.38,1
1863,"paella",533,507.70,3.16,1
1864,"pagar",507,488.10,2.96,2
1865,"página",480,503.08,3.00,1
1866,"país",501,475.82,3.04,1
1867,"paisano",588,541.48,3.72,1
1868,"paja",520,505.33,2.92,1
1869,"pajar",548,495.94,4.27,1
1870,"palabra",517,493.98,2.28,1
1871,"palacio",498,500.00,2.46,1
1872,"paladar",617,531.98,3.64,1
1873,"paliza",540,507.90,4.36,1
1874,"palma",501,509.21,3.26,1
1875,"palmo",566,510.74,5.00,1
1876,"palo",509,477.11,2.06,1
1877,"paloma",493,497.04,1.81,1
1878,"palpar",557,488.10,3.44,1
1879,"pan",491,470.81,1.50,1
1880,"pana",575,503.42,4.04,1
1881,"pánico",554,511.67,5.36,1
1882,"panorama",592,535.58,5.28,1
1883,"pantalla",486,504.36,2.88,1
1884,"pantalón",517,512.47,1.97,1
1885,"pantera",517,508.25,2.92,1
1886,"panza",524,501.25,3.72,1
1887,"paño",561,489.80,3.23,1
1888,"papa",498,510.94,2.12,1
1889,"papá",484,481.88,1.44,1
1890,"papel",485,472.31,2.09,1
1891,"paquete",534,486.04,2.64,1
1892,"par",497,498.25,3.52,1
1893,"parábola",522,545.00,5.50,1
1894,"paradigma",630,559.98,6.60,1
1895,"paradoja",573,526.63,6.21,1
1896,"paralelo",571,507.21,4.60,1
1897,"parálisis",574,542.63,5.64,1
1898,"parar",506,491.20,2.48,2
1899,"parcela",546,521.80,4.96,1
1900,"parche",550,504.54,4.36,1
1901,"pared",491,483.87,2.20,1
1902,"pareja",492,489.90,3.76,1
1903,"parentesco",633,562.94,4.72,1
1904,"paréntesis",610,559.72,4.24,1
1905,"pariente",568,523.75,3.96,1
1906,"parir",562,490.19,4.24,2
1907,"parlamento",622,546.65,5.52,1
1908,"paro",527,509.34,4.71,1
1909,"parodia",555,535.02,4.46,1
1910,"parque",499,511.54,2.16,1
1911,"parra",539,495.21,4.96,1
1912,"parroquia",578,525.59,4.28,1
1913,"parsimonia",688,572.71,6.26,1
1914,"participar",536,511.63,3.32,1
1915,"partícula",555,525.09,5.54,1
1916,"partir",486,482.84,3.24,2
1917,"pasaporte",589,550.53,5.15,1
1918,"pasar",521,485.78,2.76,2
1919,"pascua",581,507.00,4.76,1
1920,"pasear",548,535.55,2.20,1
1921,"pasión",515,466.10,5.00,1
1922,"pasmo",569,501.94,5.68,1
1923,"pasta",493,498.17,3.20,1
1924,"pastel",502,477.81,2.60,1
1925,"pastor",503,483.58,2.54,1
1926,"pata",512,479.55,2.72,1
1927,"patata",521,492.72,1.85,1
1928,"patio",541,498.45,2.84,1
1929,"pato",479,474.87,1.62,3
1930,"patria",550,519.37,5.15,1
1931,"patrimonio",538,542.27,5.49,1
1932,"patrocinio",658,568.33,6.00,1
1933,"patrón",545,493.12,5.08,1
1934,"patrulla",582,524.33,4.80,1
1935,"pausa",483,482.83,3.40,1
1936,"pavimento",605,546.52,5.19,1
1937,"pavo",512,507.54,3.12,1
1938,"pavor",598,496.88,5.12,1
1939,"payaso",535,496.02,1.92,1
1940,"paz",468,486.87,2.92,1
1941,"pecado",539,498.47,3.61,1
1942,"pecar",536,477.36,4.48,2
1943,"pecho",489,492.30,2.75,1
1944,"pedagogía",616,558.71,6.72,1
1945,"pedazo",515,504.60,2.44,1
1946,"pedir",510,475.75,2.08,2
1947,"pegar",501,499.13,2.20,1
1948,"peine",516,505.00,1.77,1
1949,"pelear",515,501.41,2.84,1
1950,"película",488,500.62,2.40,1
1951,"pelo",484,502.83,1.86,1
1952,"pelota",490,498.81,1.52,1
1953,"peluquero",545,529.98,2.80,1
1954,"pena",507,480.36,3.00,1
1955,"penetrar",539,525.41,5.28,1
1956,"península",569,532.75,3.96,1
1957,"penitencia",634,567.67,5.12,1
1958,"pensar",498,500.69,2.88,2
1959,"penumbra",627,544.12,5.96,1
1960,"peña",496,474.93,4.04,1
1961,"peón",554,479.24,4.22,1
1962,"pepita",596,516.71,3.20,1
1963,"pera",547,478.83,1.96,1
1964,"percha",569,518.42,2.81,1
1965,"percibir",543,506.13,4.96,1
1966,"perder",531,489.72,2.68,1
1967,"pérdida",515,520.06,3.51,1
1968,"peregrino",605,539.94,5.16,1
1969,"pereza",485,514.30,3.81,1
1970,"perfil",515,496.53,4.80,1
1971,"periferia",612,545.42,5.60,1
1972,"peripecia",678,599.29,5.82,1
1973,"perito",569,539.63,5.96,1
1974,"perjuicio",558,538.81,5.94,1
1975,"permanecer",568,556.20,4.36,1
1976,"permitir",522,524.49,4.04,2
1977,"perro",474,500.24,1.23,1
1978,"persiana",589,529.91,3.09,1
1979,"pertenecer",550,533.85,4.00,2
1980,"perversa",594,542.96,5.12,1
1981,"pesadilla",525,527.52,3.20,1
1982,"pesar",532,486.15,3.08,2
1983,"pescar",483,478.48,3.20,2
1984,"pescuezo",626,547.46,4.12,1
1985,"peso",515,505.18,2.94,1
1986,"pestañear",592,547.43,3.40,2
1987,"peste",589,512.04,4.88,1
1988,"petaca",592,525.71,5.44,1
1989,"petate",657,538.75,5.28,1
1990,"petróleo",542,541.82,4.36,1
1991,"pez",503,474.53,1.69,1
1992,"piano",499,500.23,2.21,1
1993,"picaporte",605,533.96,4.36,1
1994,"pico",503,499.31,2.32,1
1995,"pie",481,502.11,1.43,1
1996,"piedra",494,500.00,1.87,1
1997,"piel",477,485.04,2.96,1
1998,"pierna",510,488.73,1.92,1
1999,"pieza",520,479.79,2.44,1
2000,"pila",515,488.79,2.79,1
2001,"piloto",524,473.96,3.76,1
2002,"pinar",551,501.06,4.84,1
2003,"pincel",548,523.24,3.04,1
2004,"pino",529,491.08,3.04,1
2005,"pinta",517,492.38,3.60,1
2006,"pintar",495,475.50,2.40,2
2007,"pipa",541,500.38,2.46,1
2008,"pirámide",538,517.31,3.90,1
2009,"pirata",514,500.17,2.16,1
2010,"pirueta",565,521.61,3.48,1
2011,"pisar",509,495.37,2.36,1
2012,"pista",525,494.25,3.48,1
2013,"pito",532,498.83,2.58,1
2014,"placa",522,466.06,4.48,1
2015,"placer",477,476.38,4.35,1
2016,"plaga",562,477.08,5.12,1
2017,"planchar",513,513.25,2.72,1
2018,"plano",500,494.28,3.44,3
2019,"planta",482,494.02,1.86,1
2020,"plástico",517,510.52,3.32,3
2021,"plata",492,503.61,3.64,1
2022,"plataforma",611,569.86,5.23,1
2023,"playa",500,492.43,2.20,1
2024,"plaza",488,470.10,2.56,1
2025,"plazo",530,489.63,3.91,1
2026,"pleito",672,527.55,5.96,1
2027,"plenitud",581,531.40,5.60,1
2028,"pleno",535,491.23,4.80,3
2029,"plomo",549,490.98,4.48,1
2030,"pluma",485,497.39,3.11,1
2031,"plural",552,506.98,3.36,1
2032,"pluralidad",651,569.45,4.88,1
2033,"pobre",509,506.15,3.04,1
2034,"poder",504,477.52,3.73,2
2035,"poema",487,499.10,3.84,1
2036,"poesía",519,481.31,3.80,1
2037,"poeta",538,496.46,4.00,1
2038,"polémica",544,512.38,5.48,1
2039,"polen",568,509.00,4.04,1
2040,"política",534,517.40,4.26,1
2041,"político",550,511.80,4.64,3
2042,"pollo",462,504.59,1.85,1
2043,"polo",497,494.06,3.16,1
2044,"polvo",486,480.85,3.72,1
2045,"pompa",569,517.74,2.72,1
2046,"poner",492,472.98,2.20,2
2047,"popa",629,508.82,5.48,1
2048,"porcelana",593,546.72,4.24,1
2049,"porcentaje",563,542.96,4.43,1
2050,"porche",590,513.45,4.84,1
2051,"portador",551,514.36,5.04,1
2052,"portavoz",584,516.64,4.97,1
2053,"poseer",530,496.83,3.96,1
2054,"posesión",586,542.09,4.92,1
2055,"postre",497,493.17,2.40,1
2056,"postura",501,495.63,4.12,1
2057,"potencia",540,504.83,4.71,1
2058,"pozo",514,478.66,2.29,1
2059,"práctica",551,520.50,4.28,1
2060,"practicar",532,527.30,3.72,1
2061,"práctico",563,525.78,4.32,3
2062,"prado",533,518.79,1.86,1
2063,"precaución",609,531.19,4.24,1
2064,"precepto",624,600.12,6.51,1
2065,"precio",490,488.02,2.94,1
2066,"precipicio",628,562.49,4.42,1
2067,"precisar",520,539.77,4.92,1
2068,"precisión",548,543.53,4.76,1
2069,"precursor",600,554.40,5.80,1
2070,"preferir",499,526.86,3.12,2
2071,"premio",500,498.69,3.04,1
2072,"prenda",525,478.90,3.12,1
2073,"prensa",548,490.88,3.96,1
2074,"presa",532,475.08,4.44,1
2075,"presagio",650,520.65,5.91,1
2076,"presencia",558,535.00,4.52,1
2077,"presenciar",592,549.31,4.72,1
2078,"presentar",531,523.08,4.00,2
2079,"preservar",581,546.35,5.16,1
2080,"preso",536,490.33,3.66,1
2081,"prestigio",570,524.07,5.43,1
2082,"presumir",503,502.70,3.68,2
2083,"pretender",565,533.52,5.04,2
2084,"pretensión",649,565.69,6.40,1
2085,"pretérito",679,593.27,5.32,1
2086,"prever",567,505.81,5.32,1
2087,"prima",481,474.92,2.44,1
2088,"primavera",523,503.35,2.69,1
2089,"primo",502,487.15,2.48,3
2090,"princesa",517,511.89,1.92,1
2091,"príncipe",549,518.68,2.52,1
2092,"principio",530,541.34,3.30,1
2093,"prior",623,512.53,6.54,1
2094,"prioridad",571,531.08,5.45,1
2095,"prisa",521,492.27,3.40,1
2096,"prisión",531,497.41,3.56,1
2097,"privilegio",562,535.17,4.54,1
2098,"proa",644,516.32,4.92,1
2099,"probar",504,485.96,2.36,1
2100,"problema",519,513.31,3.84,1
2101,"proceder",533,523.86,4.84,1
2102,"procesión",568,532.98,4.38,1
2103,"proclamar",587,563.17,5.28,1
2104,"prodigio",621,523.00,6.40,1
2105,"producir",545,510.50,4.56,2
2106,"producto",521,494.30,4.56,1
2107,"profecía",626,534.24,5.76,1
2108,"profesor",511,509.32,2.20,1
2109,"progenie",624,584.74,6.63,1
2110,"programa",522,524.46,3.84,1
2111,"prohibir",539,521.92,3.24,2
2112,"prójimo",569,524.67,4.60,1
2113,"prole",652,514.78,5.88,1
2114,"prólogo",567,529.94,5.96,1
2115,"prolongar",555,529.15,4.76,1
2116,"pronunciar",575,534.38,3.52,1
2117,"propiciar",610,571.68,5.88,1
2118,"propiedad",516,504.22,4.62,1
2119,"proporción",606,521.26,4.74,1
2120,"propósito",527,521.90,4.97,1
2121,"prosa",584,491.02,4.76,1
2122,"prosperar",598,548.52,5.80,1
2123,"proteger",529,515.38,4.24,1
2124,"prótesis",542,544.34,5.64,1
2125,"protestar",529,529.75,3.52,1
2126,"protocolo",604,528.25,5.83,1
2127,"protón",562,517.90,6.43,1
2128,"provecho",555,528.08,4.94,1
2129,"provincia",528,507.86,4.96,1
2130,"provocar",527,505.00,4.24,2
2131,"proyectil",600,532.35,4.70,1
2132,"publicar",508,532.42,4.36,1
2133,"publicidad",527,514.80,3.65,1
2134,"pudor",545,496.67,5.60,1
2135,"pueblo",488,494.62,2.12,1
2136,"puente",500,483.53,2.50,1
2137,"puerta",498,486.63,1.88,1
2138,"puerto",503,505.11,3.28,1
2139,"pulmón",488,483.48,3.03,1
2140,"pulso",512,488.98,4.36,1
2141,"punto",507,467.84,3.00,1
2142,"puño",503,490.85,2.29,1
2143,"pupila",528,518.74,4.32,1
2144,"purgatorio",639,581.58,6.06,1
2145,"quedar",515,477.36,3.08,2
2146,"quehacer",602,584.26,5.76,1
2147,"quemar",512,513.58,2.48,2
2148,"querencia",583,550.08,6.51,1
2149,"querer",534,500.86,2.16,2
2150,"queso",487,489.65,1.93,1
2151,"quicio",564,511.16,5.46,1
2152,"quirófano",556,562.17,5.64,1
2153,"quitar",512,519.20,2.88,2
2154,"rabia",536,494.79,3.88,1
2155,"rabo",516,511.71,2.20,1
2156,"ración",583,520.20,5.00,1
2157,"radio",509,512.08,2.15,1
2158,"raíz",514,491.75,3.54,1
2159,"rama",493,519.51,2.46,1
2160,"ramo",535,518.94,3.09,1
2161,"rana",506,510.28,2.46,1
2162,"rancho",565,521.04,4.58,1
2163,"rango",587,510.55,5.86,1
2164,"ranura",602,519.14,4.32,1
2165,"rapaz",585,507.62,4.32,1
2166,"rápido",494,507.19,3.16,3
2167,"rapto",549,525.30,4.68,1
2168,"rastrear",595,566.75,4.68,1
2169,"rastro",523,510.80,3.97,1
2170,"rato",518,517.12,3.48,1
2171,"ratón",494,510.10,1.69,1
2172,"rayo",500,522.56,2.54,1
2173,"raza",521,511.88,4.15,1
2174,"razón",479,503.13,3.46,1
2175,"razonar",551,555.40,4.68,1
2176,"realidad",519,548.31,3.54,1
2177,"rebaño",555,522.96,3.27,1
2178,"recado",582,523.36,3.36,1
2179,"receta",545,524.40,3.85,1
2180,"rechazar",495,533.85,4.12,2
2181,"recipiente",601,566.58,4.04,1
2182,"recodo",668,544.44,5.60,1
2183,"recoger",530,505.29,2.40,1
2184,"recomendar",558,546.63,4.52,2
2185,"reconocer",560,545.12,3.92,1
2186,"récord",525,520.42,4.00,1
2187,"recordar",534,527.44,3.32,1
2188,"recrear",544,557.56,5.36,1
2189,"recta",537,518.34,2.88,1
2190,"recto",541,543.72,3.16,1
2191,"rector",561,521.12,6.08,1
2192,"recuerdo",551,519.08,3.56,1
2193,"recuperar",535,548.96,4.28,1
2194,"recurrir",567,519.84,5.20,1
2195,"red",520,516.42,3.54,1
2196,"redactar",553,538.30,4.84,1
2197,"referencia",613,562.38,5.24,1
2198,"reflexión",555,563.74,5.06,1
2199,"refrán",570,526.00,4.48,1
2200,"regazo",543,527.65,4.44,1
2201,"región",522,519.22,4.92,1
2202,"regla",489,518.75,2.96,1
2203,"reglamento",589,578.23,4.88,1
2204,"regresión",566,554.98,6.33,1
2205,"rehacer",569,567.80,4.92,1
2206,"reina",506,521.79,2.18,1
2207,"reino",541,520.02,2.92,1
2208,"reír",522,505.43,1.80,1
2209,"reja",570,504.68,3.56,1
2210,"relación",529,527.06,4.88,1
2211,"relacionar",565,565.08,3.84,1
2212,"relámpago",562,556.94,3.08,1
2213,"relato",531,535.37,4.12,1
2214,"relieve",554,539.38,4.48,1
2215,"religión",515,528.75,3.16,1
2216,"reliquia",606,552.12,4.96,1
2217,"reloj",525,485.40,2.18,1
2218,"remolino",567,552.70,3.69,1
2219,"rencor",587,512.00,4.78,1
2220,"rendir",548,496.92,4.20,1
2221,"renegar",616,556.37,5.40,2
2222,"renta",569,533.89,5.96,1
2223,"renunciar",533,516.19,4.36,1
2224,"reojo",597,547.73,4.20,1
2225,"repertorio",627,546.13,5.06,1
2226,"repetir",506,507.89,2.92,1
2227,"repisa",611,522.58,5.16,1
2228,"reportaje",510,530.72,4.96,1
2229,"reptil",526,508.24,3.68,1
2230,"república",549,534.96,5.79,1
2231,"repulsión",569,549.30,5.71,1
2232,"reputación",602,558.63,5.63,1
2233,"res",622,508.35,6.32,1
2234,"rescatar",551,542.60,4.48,1
2235,"resistir",535,530.09,4.56,1
2236,"resolver",529,518.31,3.80,1
2237,"resonancia",619,568.57,6.21,1
2238,"respaldo",568,555.06,5.12,1
2239,"respetar",556,550.37,3.36,1
2240,"respirar",528,529.14,2.64,1
2241,"responder",522,526.85,3.20,1
2242,"respuesta",508,511.22,3.04,1
2243,"resucitar",602,524.24,4.16,1
2244,"resuello",548,568.46,6.70,1
2245,"resultar",523,535.48,4.80,2
2246,"retina",563,524.94,5.38,1
2247,"reto",531,489.41,4.66,1
2248,"reverencia",616,586.13,4.46,1
2249,"reverendo",638,562.10,5.44,1
2250,"revés",538,512.88,4.31,1
2251,"revisar",528,517.19,4.36,1
2252,"revólver",546,566.80,5.44,1
2253,"rey",482,506.39,2.50,1
2254,"rezar",533,517.33,3.28,1
2255,"ría",561,521.47,4.00,1
2256,"ribera",606,573.16,5.52,1
2257,"rictus",539,557.73,6.83,1
2258,"ridículo",570,567.47,4.04,1
2259,"rienda",614,527.58,5.80,1
2260,"riesgo",533,507.30,4.28,1
2261,"rigor",538,529.17,5.49,1
2262,"rincón",535,521.65,3.08,1
2263,"riñón",589,516.71,4.88,1
2264,"río",492,523.77,2.16,1
2265,"risa",501,517.50,2.36,1
2266,"ritmo",550,519.08,4.16,1
2267,"rito",549,507.81,5.48,1
2268,"ritual",555,505.60,5.00,1
2269,"rival",536,507.84,3.76,1
2270,"robar",481,500.65,3.56,1
2271,"roble",546,526.30,3.28,1
2272,"robot",511,502.35,2.86,1
2273,"roca",493,503.35,2.40,1
2274,"rocío",517,493.83,4.12,1
2275,"rodar",507,510.38,3.16,1
2276,"rojo",488,495.75,2.08,3
2277,"rollo",514,498.56,3.80,1
2278,"romántico",529,544.80,4.12,3
2279,"romper",529,510.89,2.25,2
2280,"ron",574,495.42,5.84,1
2281,"ronquido",607,577.63,3.92,1
2282,"ropa",470,521.11,2.08,1
2283,"rosal",534,516.85,3.54,1
2284,"rosario",525,533.79,4.39,1
2285,"rostro",507,518.57,3.52,1
2286,"rótulo",565,525.65,5.00,1
2287,"rubio",488,514.66,2.24,3
2288,"rueda",508,505.60,2.12,1
2289,"ruego",553,526.47,5.80,1
2290,"rugido",561,529.55,3.08,1
2291,"ruido",496,516.39,2.36,1
2292,"ruina",535,506.45,4.36,1
2293,"rumbo",511,507.66,4.68,3
2294,"rumor",504,499.55,4.27,1
2295,"ruta",470,514.13,4.60,1
2296,"rutina",531,510.46,4.88,1
2297,"sábado",486,492.50,2.42,1
2298,"sábana",495,485.06,2.32,1
2299,"saber",485,474.69,2.76,2
2300,"sabiduría",566,515.28,4.92,1
2301,"sabio",491,471.92,4.16,3
2302,"sable",605,481.79,4.48,1
2303,"sabor",490,466.92,2.92,1
2304,"sacar",522,468.88,2.36,2
2305,"sacerdote",541,518.83,3.76,1
2306,"saciedad",549,527.08,5.52,1
2307,"saco",500,459.60,2.54,1
2308,"sacramento",568,511.85,4.44,1
2309,"sacrificar",554,540.45,5.00,1
2310,"sacrificio",563,519.98,5.92,1
2311,"sacristán",581,550.77,5.32,1
2312,"sacristía",605,559.43,5.15,1
2313,"sal",491,493.49,2.40,1
2314,"sala",505,461.89,3.24,1
2315,"saldo",509,469.65,5.36,1
2316,"salir",496,474.44,2.52,2
2317,"saliva",558,492.10,2.68,1
2318,"salsa",496,477.69,2.73,1
2319,"saltar",490,476.00,2.16,1
2320,"salud",479,460.93,3.56,1
2321,"salvar",498,465.72,2.96,2
2322,"sanatorio",575,525.44,4.84,1
2323,"sangre",481,486.15,2.21,1
2324,"sanitario",559,499.90,4.80,3
2325,"santo",488,483.43,3.72,3
2326,"santuario",575,520.37,5.08,1
2327,"sapo",512,492.00,2.54,1
2328,"sarcasmo",606,536.21,5.94,1
2329,"sargento",588,529.63,4.52,1
2330,"sarmiento",617,551.67,6.57,1
2331,"sartén",530,492.08,2.58,1
2332,"sastre",562,498.90,4.92,1
2333,"satélite",558,523.57,4.64,1
2334,"sátira",599,497.31,6.84,1
2335,"satisfacer",571,518.73,4.64,1
2336,"sauna",573,479.65,5.40,1
2337,"sazón",571,520.14,6.23,1
2338,"secar",536,468.26,2.32,2
2339,"secretario",562,526.35,4.24,3
2340,"secreto",517,480.06,3.06,3
2341,"sector",500,491.72,4.43,1
2342,"secuencia",563,548.10,5.18,1
2343,"sed",537,461.76,1.96,1
2344,"seda",543,459.65,3.92,1
2345,"sede",609,477.15,5.39,1
2346,"sedimento",626,551.75,6.24,1
2347,"segmento",604,524.57,5.92,1
2348,"seguir",473,492.52,3.24,2
2349,"segundo",484,508.42,2.96,3
2350,"seguridad",528,489.92,3.77,1
2351,"seguro",523,470.19,3.48,3
2352,"selección",515,510.77,5.16,1
2353,"selva",507,476.54,2.88,1
2354,"semana",524,476.15,2.35,1
2355,"semblante",624,540.75,5.84,1
2356,"sembrar",566,507.04,4.16,1
2357,"semejante",558,523.02,4.68,1
2358,"semilla",539,498.12,3.04,1
2359,"seminario",535,512.11,5.60,1
2360,"senda",573,499.38,4.44,1
2361,"seno",557,479.06,4.58,1
2362,"sensación",517,511.92,4.88,1
2363,"sentar",541,481.23,1.88,2
2364,"sentencia",621,534.26,5.32,1
2365,"sentir",514,457.29,3.04,2
2366,"seña",540,480.94,4.92,1
2367,"señal",485,474.06,3.40,1
2368,"señor",518,474.23,2.64,1
2369,"separar",487,512.40,3.60,2
2370,"septiembre",538,528.37,2.35,1
2371,"sepulcro",599,520.16,5.15,1
2372,"sequía",564,491.69,4.81,1
2373,"sereno",545,485.00,4.96,3
2374,"serie",495,478.20,3.17,1
2375,"sermón",616,479.93,4.84,1
2376,"serpiente",548,522.26,2.04,1
2377,"servidora",607,523.72,5.44,1
2378,"servilleta",557,513.36,2.20,1
2379,"servir",477,469.92,3.60,1
2380,"seudónimo",633,549.02,6.11,1
2381,"sexo",478,500.81,5.60,1
2382,"sien",635,485.23,5.20,1
2383,"sierra",491,477.24,3.49,1
2384,"siesta",535,502.67,2.40,1
2385,"sigilo",578,502.48,5.69,1
2386,"siglo",495,471.14,3.86,1
2387,"significar",540,529.22,4.12,2
2388,"signo",492,496.41,3.56,1
2389,"silencio",495,511.60,2.12,1
2390,"silla",478,480.23,1.31,1
2391,"silueta",557,499.73,3.76,1
2392,"simetría",573,524.69,5.44,1
2393,"similitud",602,519.13,5.44,1
2394,"simpatía",502,511.20,4.00,1
2395,"simulacro",682,540.79,4.65,1
2396,"sinceridad",583,515.00,4.17,1
2397,"sindicato",628,544.84,5.76,1
2398,"síndrome",563,523.85,5.60,1
2399,"sinfonía",566,514.50,4.64,1
2400,"singular",539,492.60,3.72,1
2401,"siniestro",572,541.28,5.32,3
2402,"sinónimo",567,526.69,4.36,1
2403,"sintaxis",568,544.13,5.09,1
2404,"síntesis",560,525.23,5.34,1
2405,"sintetizar",656,517.47,5.64,1
2406,"sirena",512,474.19,2.46,1
2407,"situar",531,476.94,4.04,1
2408,"soberano",552,498.96,5.36,1
2409,"soberbia",594,526.71,5.64,1
2410,"socialismo",657,576.50,6.06,1
2411,"sociedad",499,521.14,5.28,1
2412,"socio",505,463.17,5.44,1
2413,"soda",526,451.32,5.12,1
2414,"sofá",498,457.92,2.41,1
2415,"soga",574,447.89,5.23,1
2416,"sol",485,440.55,1.60,1
2417,"solapa",571,471.46,5.04,1
2418,"soledad",534,497.55,4.84,1
2419,"solicitud",518,486.90,5.23,1
2420,"sólido",500,462.39,4.16,3
2421,"solitario",518,496.11,3.76,1
2422,"soltar",505,460.91,2.08,1
2423,"solución",539,487.85,4.12,1
2424,"solucionar",536,514.92,4.24,1
2425,"soneto",579,473.78,5.62,1
2426,"sonido",485,457.63,2.36,1
2427,"soñar",474,459.56,2.56,1
2428,"sopa",476,454.00,2.16,1
2429,"sopor",593,472.65,5.77,1
2430,"soportar",566,485.74,3.80,1
2431,"sordo",503,456.26,3.12,1
2432,"sortear",564,516.60,4.76,2
2433,"sospechar",539,522.11,4.44,2
2434,"sostener",549,502.31,4.44,1
2435,"sotana",603,487.18,4.88,1
2436,"sótano",575,453.12,4.08,1
2437,"subir",496,475.83,2.12,2
2438,"suburbio",666,539.52,6.12,1
2439,"suceder",542,521.96,4.32,2
2440,"suceso",546,492.79,4.44,1
2441,"suciedad",555,498.40,3.36,1
2442,"sucursal",668,550.67,5.80,1
2443,"sudar",532,466.16,3.04,1
2444,"sudor",510,445.70,3.52,1
2445,"suegra",533,482.06,4.56,1
2446,"sueldo",515,482.06,4.92,1
2447,"suelo",501,465.62,2.17,1
2448,"sueño",477,457.52,2.40,1
2449,"suero",574,453.35,4.68,1
2450,"suerte",486,453.27,3.11,1
2451,"sugerencia",561,511.31,4.84,1
2452,"sugerir",534,504.87,5.04,1
2453,"suicidio",520,516.55,4.84,1
2454,"sujetar",523,495.33,3.20,1
2455,"sultán",560,492.77,5.28,1
2456,"suma",522,459.74,2.64,1
2457,"sumar",485,450.15,2.80,2
2458,"superficie",523,530.62,5.08,1
2459,"superior",511,498.53,4.32,1
2460,"suplemento",544,512.00,5.30,1
2461,"suplicio",559,518.70,5.71,1
2462,"suplir",538,463.98,5.72,1
2463,"suponer",547,508.17,4.56,2
2464,"supremo",521,508.67,5.20,3
2465,"suprimir",545,489.70,5.20,1
2466,"sur",532,452.15,3.36,1
2467,"surco",579,466.92,4.92,1
2468,"suscitar",618,509.00,5.96,1
2469,"suspender",518,498.17,3.68,1
2470,"suspenso",518,505.96,3.56,1
2471,"sustancia",517,517.71,4.96,1
2472,"sustantivo",573,511.78,3.89,0
2473,"sustento",583,527.65,5.12,1
2474,"sustituir",550,503.57,4.28,1
2475,"susto",540,454.78,2.40,1
2476,"sustrato",613,529.38,5.83,1
2477,"susurro",583,517.12,3.16,1
2478,"tabaco",516,492.43,4.00,1
2479,"tabique",596,525.75,4.48,1
2480,"tabla",519,488.49,2.70,1
2481,"tablero",542,523.35,3.52,1
2482,"tabú",506,499.75,5.73,1
2483,"taburete",621,533.74,3.09,1
2484,"tachar",608,535.96,3.00,2
2485,"taco",557,508.94,4.31,1
2486,"tacto",554,509.83,4.20,1
2487,"talante",602,543.28,6.06,1
2488,"taller",515,518.79,3.56,1
2489,"tambor",558,502.96,2.50,1
2490,"tango",523,524.63,4.52,1
2491,"tanque",575,518.57,3.57,1
2492,"tapa",509,503.25,3.24,1
2493,"tapete",589,514.29,3.94,1
2494,"tapia",550,522.15,5.28,1
2495,"tapiz",555,513.57,6.16,1
2496,"tapón",505,509.10,2.64,1
2497,"tardar",558,495.94,3.12,1
2498,"tarde",501,499.60,2.84,1
2499,"tarea",519,502.88,3.58,1
2500,"tarima",610,538.94,5.20,1
2501,"tarta",496,499.37,1.54,1
2502,"taxi",533,490.35,3.32,1
2503,"taza",517,507.92,2.00,1
2504,"teatro",513,499.63,3.72,1
2505,"techo",511,514.57,2.88,1
2506,"tecla",512,517.27,4.00,1
2507,"técnico",527,542.87,5.12,1
2508,"tecnología",550,552.21,5.36,1
2509,"tedio",552,519.85,6.69,1
2510,"tejer",552,495.38,4.00,1
2511,"tela",523,504.66,3.42,1
2512,"tele",505,496.96,2.24,1
2513,"tema",508,495.40,3.88,1
2514,"temer",554,495.27,3.92,2
2515,"temerario",643,581.90,5.52,1
2516,"temor",499,499.69,4.32,1
2517,"tempestad",572,547.29,4.48,1
2518,"templo",539,502.67,4.32,1
2519,"temporada",557,521.19,4.09,1
2520,"temporal",518,506.65,4.84,1
2521,"tender",548,505.02,3.64,1
2522,"tenedor",575,534.40,2.02,1
2523,"tener",500,497.19,2.24,2
2524,"tenis",511,509.16,3.12,1
2525,"tenor",593,501.69,5.42,1
2526,"tensión",549,499.59,4.69,1
2527,"tentativa",618,557.25,5.88,1
2528,"teología",583,558.42,6.21,1
2529,"teorema",654,617.40,5.60,1
2530,"teoría",500,517.94,4.80,1
2531,"terminal",552,520.35,4.92,1
2532,"terminar",551,526.30,3.16,2
2533,"término",541,514.13,4.71,1
2534,"ternura",533,511.17,3.96,1
2535,"terreno",496,525.22,3.92,1
2536,"territorio",532,528.49,4.24,1
2537,"terror",497,497.68,3.92,1
2538,"terrorismo",556,570.83,5.72,1
2539,"tertulia",612,558.31,5.00,1
2540,"tesis",541,526.48,5.66,1
2541,"tesitura",677,573.25,6.24,1
2542,"tesón",524,536.73,6.14,1
2543,"tesoro",551,515.87,2.39,1
2544,"test",526,509.15,4.50,1
2545,"testamento",617,570.38,5.52,1
2546,"testimonio",591,532.60,5.27,1
2547,"textura",560,533.36,4.28,1
2548,"tez",622,516.23,5.08,1
2549,"tic",566,512.06,4.84,1
2550,"tiempo",475,503.51,2.66,1
2551,"tienda",487,513.12,2.62,1
2552,"tierra",476,512.75,2.56,1
2553,"tigre",490,504.29,2.27,1
2554,"timbre",513,515.54,2.76,1
2555,"timo",568,517.72,5.28,1
2556,"timón",562,510.96,4.59,1
2557,"tinglado",549,608.97,5.58,1
2558,"tiniebla",588,567.13,3.68,1
2559,"tinta",541,525.34,6.06,1
2560,"tinto",544,500.62,4.68,3
2561,"tío",516,514.08,2.16,1
2562,"tipo",527,495.96,3.43,1
2563,"tiranía",593,560.04,6.44,1
2564,"tirano",584,521.38,5.36,1
2565,"tirar",525,500.63,2.16,2
2566,"titular",569,530.35,5.00,1
2567,"título",561,506.00,3.44,1
2568,"toalla",528,504.84,6.70,1
2569,"tocar",502,485.15,1.92,2
2570,"toldo",564,521.04,3.97,1
2571,"tomate",489,494.86,1.85,1
2572,"tomo",534,497.00,4.72,1
2573,"tono",543,485.98,4.16,1
2574,"tope",530,483.18,4.80,1
2575,"tópico",563,493.60,5.40,1
2576,"tórax",644,534.17,5.36,1
2577,"torbellino",587,554.27,4.44,1
2578,"tormenta",545,537.68,2.60,1
2579,"tormento",549,518.26,6.24,1
2580,"torno",543,497.82,4.36,1
2581,"toro",518,486.93,5.52,1
2582,"torre",510,487.83,2.96,1
2583,"torrente",512,505.08,5.16,1
2584,"torso",535,502.47,4.80,1
2585,"torta",565,505.12,2.80,1
2586,"tortuga",518,505.88,1.83,1
2587,"tos",544,472.76,2.48,1
2588,"total",486,470.93,3.27,1
2589,"trabajar",503,490.65,2.64,2
2590,"tradición",558,542.80,4.26,1
2591,"traducir",533,519.31,4.32,1
2592,"traer",556,496.56,2.92,2
2593,"tragedia",580,534.69,5.36,1
2594,"traición",551,523.37,4.89,1
2595,"traidor",546,525.70,4.32,1
2596,"traje",518,492.54,3.96,1
2597,"trámite",621,554.37,5.66,1
2598,"trampa",552,508.80,3.84,1
2599,"trance",595,512.37,5.76,1
2600,"transición",618,563.44,6.21,1
2601,"transistor",624,563.90,5.68,1
2602,"transmitir",556,554.10,4.80,1
2603,"tranvía",600,527.25,4.20,1
2604,"trapo",529,518.68,2.92,1
2605,"trasfondo",644,560.80,6.11,1
2606,"tratado",607,550.11,5.23,1
2607,"tratar",507,523.19,3.96,2
2608,"trauma",563,520.07,5.16,1
2609,"trayecto",535,530.38,5.24,1
2610,"trazar",511,497.40,4.32,2
2611,"trecho",562,510.77,5.37,1
2612,"tregua",600,516.35,5.79,1
2613,"tren",496,490.50,2.46,1
2614,"trenza",564,498.26,2.57,1
2615,"trepar",535,506.17,3.84,1
2616,"tribu",571,521.24,4.44,1
2617,"tribuna",545,544.60,5.69,1
2618,"tribunal",532,539.42,4.72,1
2619,"trigo",505,512.21,3.30,1
2620,"tripa",533,502.82,2.46,1
2621,"triunfar",555,530.72,4.52,1
2622,"trofeo",567,515.04,3.56,1
2623,"trompeta",562,538.22,3.27,1
2624,"tronco",500,495.09,2.46,1
2625,"trono",524,481.29,3.76,1
2626,"tropa",523,511.88,4.92,1
2627,"tropezar",520,533.06,2.64,1
2628,"trozo",551,487.67,3.16,1
2629,"truco",547,505.87,3.44,1
2630,"tubo",521,486.29,2.68,1
2631,"tuerto",604,503.02,4.36,1
2632,"tufo",569,510.02,4.64,1
2633,"tumor",499,512.64,5.91,1
2634,"tumulto",642,563.54,6.32,1
2635,"túnel",503,511.04,2.59,1
2636,"túnica",529,516.25,4.56,1
2637,"turba",623,505.33,5.64,1
2638,"turismo",535,510.81,4.64,1
2639,"turno",533,493.45,3.96,1
2640,"umbral",537,508.26,6.19,1
2641,"unidad",513,497.92,3.88,1
2642,"unión",568,502.35,4.00,1
2643,"unir",526,493.02,3.44,2
2644,"universo",526,529.26,3.88,1
2645,"uña",524,497.66,2.38,1
2646,"uranio",623,522.58,6.00,1
2647,"urbanidad",604,570.41,5.36,1
2648,"urbanismo",603,565.83,5.20,1
2649,"urbano",521,517.25,4.20,3
2650,"urraca",598,527.85,3.76,1
2651,"usar",497,486.67,2.48,1
2652,"uso",514,475.29,2.71,1
2653,"útil",519,479.69,3.84,1
2654,"utilizar",552,518.30,3.24,2
2655,"utopía",620,536.44,6.51,1
2656,"vaca",477,490.79,1.35,1
2657,"vaciar",530,507.73,3.28,2
2658,"vacilar",553,518.34,4.92,2
2659,"vacío",494,486.71,3.04,1
2660,"vagabundo",580,539.43,4.22,1
2661,"vagón",556,500.80,3.26,1
2662,"vaho",580,526.61,4.27,1
2663,"vaina",619,525.68,5.48,1
2664,"vale",505,504.43,2.20,1
2665,"valer",563,484.11,3.44,2
2666,"valla",552,501.92,3.38,1
2667,"valle",511,480.96,3.65,1
2668,"valor",491,489.17,3.67,1
2669,"valorar",539,509.21,4.48,1
2670,"vals",727,513.83,4.84,1
2671,"vampiro",556,543.06,3.23,1
2672,"vapor",542,501.74,3.73,1
2673,"vaquero",534,515.23,3.23,3
2674,"vara",567,516.50,4.64,1
2675,"variar",543,503.81,4.36,1
2676,"varón",533,497.30,3.72,1
2677,"vasija",597,534.19,4.12,1
2678,"vaso",566,482.23,1.43,1
2679,"vehículo",518,532.91,3.20,1
2680,"velo",553,496.21,3.77,1
2681,"velocidad",506,524.98,4.38,1
2682,"vena",529,500.65,4.32,1
2683,"vencedor",543,555.63,3.84,1
2684,"vencer",520,516.37,3.44,2
2685,"vender",508,495.20,3.08,1
2686,"veneno",546,506.49,3.72,1
2687,"venganza",531,533.81,4.34,1
2688,"venir",500,494.50,2.40,2
2689,"venta",501,484.02,3.80,1
2690,"ventana",519,510.38,1.82,1
2691,"ventilador",556,517.54,3.96,1
2692,"ver",520,503.13,1.92,2
2693,"vera",547,506.36,5.80,1
2694,"verano",509,493.74,2.52,1
2695,"verbena",580,546.15,4.23,1
2696,"verbo",529,513.24,3.48,0
2697,"verdad",523,489.12,2.60,1
2698,"verdugo",568,511.36,5.26,1
2699,"vergüenza",538,522.91,2.77,1
2700,"verificar",574,539.06,5.44,1
2701,"verja",599,489.31,3.71,1
2702,"versión",524,493.21,4.74,1
2703,"verso",517,495.96,5.04,3
2704,"vertical",528,508.82,4.24,1
2705,"vértice",532,524.18,5.64,1
2706,"vértigo",544,516.71,4.81,1
2707,"vestíbulo",559,527.84,4.73,1
2708,"vestir",496,475.25,1.80,2
2709,"vez",517,479.65,2.37,1
2710,"vía",518,506.08,3.60,1
2711,"viajar",483,501.30,3.04,1
2712,"viaje",466,485.59,2.85,1
2713,"vicio",505,504.02,5.16,1
2714,"víctima",497,525.04,4.65,1
2715,"victoria",510,539.19,3.48,1
2716,"vida",503,491.59,2.84,1
2717,"vídeo",502,510.06,3.00,1
2718,"vidriera",613,564.98,4.85,1
2719,"vidrio",569,521.00,4.12,1
2720,"viejo",468,480.00,2.56,3
2721,"viento",508,487.06,2.40,1
2722,"vientre",549,512.73,3.42,1
2723,"viernes",513,526.41,2.56,1
2724,"viga",573,495.70,5.00,1
2725,"vigilancia",604,541.44,4.08,1
2726,"vigilia",538,529.76,5.48,1
2727,"vigor",546,497.38,6.09,1
2728,"vil",583,504.40,5.92,1
2729,"villa",559,508.60,4.27,1
2730,"vínculo",525,526.06,5.15,1
2731,"vino",532,487.63,4.16,1
2732,"violencia",525,512.60,3.96,1
2733,"virgen",497,502.38,3.64,1
2734,"virtud",517,495.04,4.58,1
2735,"viruela",610,541.62,5.52,1
2736,"visitar",510,496.40,3.00,1
2737,"víspera",563,543.51,5.27,1
2738,"vitrina",662,544.47,5.20,1
2739,"viuda",527,509.81,4.52,1
2740,"vivienda",532,510.21,4.56,1
2741,"vivir",451,483.32,2.20,2
2742,"vocablo",588,550.06,5.23,1
2743,"vocación",627,554.42,4.94,1
2744,"volumen",487,521.31,3.96,1
2745,"voluntad",492,517.42,4.68,1
2746,"voluntario",506,537.90,4.32,3
2747,"volver",490,502.23,2.48,2
2748,"vomitar",543,537.20,2.60,1
2749,"vorágine",704,575.02,6.52,1
2750,"votar",513,488.79,3.72,1
2751,"voto",544,500.12,5.32,1
2752,"voz",481,475.32,2.16,1
2753,"yanqui",557,531.04,5.52,1
2754,"yate",639,526.17,4.62,1
2755,"yegua",572,518.18,3.28,1
2756,"yema",544,523.91,3.72,1
2757,"yerba",581,520.80,3.73,1
2758,"yerma",618,510.75,6.12,1
2759,"yeso",544,513.91,4.92,1
2760,"zaguán",598,546.89,6.27,1
2761,"zanahoria",570,562.10,2.54,1
2762,"zapato",498,490.19,1.72,1
2763,"zombi",618,507.30,3.72,1
2764,"zorro",508,507.92,2.81,3
2765,"zumo",486,478.85,2.54,1
